rwipfix2silk: 'input0001': Processing template 0xc018 (49176), domain 0, with the ignore template
rwipfix2silk: 'input0001': Contents of template 0xc018 (49176), domain 0, 2 elements: payload(6871/18)[65535], reversePayload(6871/16402)[65535]
rwipfix2silk: 'input0001': Processing template 0xd005 (53253), domain 0, with the tombstone access template
rwipfix2silk: 'input0001': Contents of template 0xd005 (53253), domain 0, 2 elements: certToolId(6871/553)[4], observationTimeSeconds(322)[4]
rwipfix2silk: 'input0001': Processing template 0xc013 (49171), domain 0, with the YAF TCP flags list template
rwipfix2silk: 'input0001': Contents of template 0xc013 (49171), domain 0, 6 elements: tcpSequenceNumber(184)[4], initialTCPFlags(6871/14)[1], unionTCPFlags(6871/15)[1], reverseInitialTCPFlags(6871/16398)[1], reverseUnionTCPFlags(6871/16399)[1], reverseTcpSequenceNumber(29305/184)[4]
rwipfix2silk: 'input0001': Processing template 0xc012 (49170), domain 0, with the ignore template
rwipfix2silk: 'input0001': Contents of template 0xc012 (49170), domain 0, 2 elements: payloadEntropy(6871/35)[1], reversePayloadEntropy(6871/16419)[1]
rwipfix2silk: 'input0001': Processing options template 0xd004 (53252), domain 0, with the tombstone template
rwipfix2silk: 'input0001': Contents of options template 0xd004 (53252), domain 0, 7 elements: observationDomainId(149)[4]{scope}, exportingProcessId(144)[4]{scope}, exporterConfiguredId(6871/551)[2]{scope}, paddingOctets(210)[6], tombstoneId(6871/550)[4], observationTimeSeconds(322)[4], tombstoneAccessList(6871/554)[65535]
rwipfix2silk: 'input0001': Processing options template 0xd003 (53251), domain 0, with the YAFstats template
rwipfix2silk: 'input0001': Contents of options template 0xd003 (53251), domain 0, 16 elements: observationDomainId(149)[4]{scope}, exportingProcessId(144)[4]{scope}, exporterIPv4Address(130)[4]{scope}, observationTimeSeconds(322)[4], systemInitTimeMilliseconds(160)[8], exportedFlowRecordTotalCount(42)[8], packetTotalCount(86)[8], droppedPacketTotalCount(135)[8], ignoredPacketTotalCount(164)[8], notSentPacketTotalCount(167)[8], expiredFragmentCount(6871/100)[4], assembledFragmentCount(6871/101)[4], flowTableFlushEventCount(6871/104)[4], flowTablePeakCount(6871/105)[4], meanFlowRate(6871/102)[4], meanPacketRate(6871/103)[4]
rwipfix2silk: 'input0001': Processing template 0xc005 (49157), domain 0, with the ignore template
rwipfix2silk: 'input0001': Contents of template 0xc005 (49157), domain 0, 11 elements: dataByteCount(6871/502)[8], averageInterarrivalTime(6871/503)[8], standardDeviationInterarrivalTime(6871/504)[8], tcpUrgTotalCount(223)[4], smallPacketCount(6871/500)[4], nonEmptyPacketCount(6871/501)[4], largePacketCount(6871/510)[4], firstNonEmptyPacketSize(6871/505)[2], maxPacketSize(6871/506)[2], standardDeviationPayloadLength(6871/508)[2], firstEightNonEmptyPacketDirections(6871/507)[1]
rwipfix2silk: 'input0001': Processing template 0xc003 (49155), domain 0, with the YAF TCP flags list template
rwipfix2silk: 'input0001': Contents of template 0xc003 (49155), domain 0, 3 elements: tcpSequenceNumber(184)[4], initialTCPFlags(6871/14)[1], unionTCPFlags(6871/15)[1]
rwipfix2silk: 'input0001': Processing template 0xc004 (49156), domain 0, with the ignore template
rwipfix2silk: 'input0001': Contents of template 0xc004 (49156), domain 0, 2 elements: sourceMacAddress(56)[6], destinationMacAddress(80)[6]
rwipfix2silk: 'input0001': Processing template 0xc002 (49154), domain 0, with the ignore template
rwipfix2silk: 'input0001': Contents of template 0xc002 (49154), domain 0, 1 elements: payloadEntropy(6871/35)[1]
rwipfix2silk: 'input0001': Processing template 0xc015 (49173), domain 0, with the ignore template
rwipfix2silk: 'input0001': Contents of template 0xc015 (49173), domain 0, 23 elements: dataByteCount(6871/502)[8], averageInterarrivalTime(6871/503)[8], standardDeviationInterarrivalTime(6871/504)[8], tcpUrgTotalCount(223)[4], smallPacketCount(6871/500)[4], nonEmptyPacketCount(6871/501)[4], largePacketCount(6871/510)[4], firstNonEmptyPacketSize(6871/505)[2], maxPacketSize(6871/506)[2], standardDeviationPayloadLength(6871/508)[2], firstEightNonEmptyPacketDirections(6871/507)[1], paddingOctets(210)[1], reverseDataByteCount(6871/16886)[8], reverseAverageInterarrivalTime(6871/16887)[8], reverseStandardDeviationInterarrivalTime(6871/16888)[8], reverseTcpUrgTotalCount(29305/223)[4], reverseSmallPacketCount(6871/16884)[4], reverseNonEmptyPacketCount(6871/16885)[4], reverseLargePacketCount(6871/16894)[4], reverseFirstNonEmptyPacketSize(6871/16889)[2], reverseMaxPacketSize(6871/16890)[2], reverseStandardDeviationPayloadLength(6871/16892)[2], paddingOctets(210)[2]
rwipfix2silk: 'input0001': Processing template 0xc009 (49161), domain 0, with the ignore template
rwipfix2silk: 'input0001': Contents of template 0xc009 (49161), domain 0, 5 elements: mptcpInitialDataSequenceNumber(6871/289)[8], mptcpReceiverToken(6871/290)[4], mptcpMaximumSegmentSize(6871/291)[2], mptcpAddressID(6871/292)[1], mptcpFlags(6871/293)[1]
rwipfix2silk: 'input0001': Processing template 0xc008 (49160), domain 0, with the ignore template
rwipfix2silk: 'input0001': Contents of template 0xc008 (49160), domain 0, 1 elements: payload(6871/18)[65535]
rwipfix2silk: 'input0001': Processing template 0xb331 (45873), domain 0, with the YAF template
rwipfix2silk: 'input0001': Contents of template 0xb331 (45873), domain 0, 27 elements: flowStartMilliseconds(152)[8], flowEndMilliseconds(153)[8], octetTotalCount(85)[4], reverseOctetTotalCount(29305/85)[4], packetTotalCount(86)[4], reversePacketTotalCount(29305/86)[4], sourceIPv4Address(8)[4], destinationIPv4Address(12)[4], sourceTransportPort(7)[2], destinationTransportPort(11)[2], flowAttributes(6871/40)[2], reverseFlowAttributes(6871/16424)[2], protocolIdentifier(4)[1], flowEndReason(136)[1], silkAppLabel(6871/33)[2], reverseFlowDeltaMilliseconds(6871/21)[4], tcpSequenceNumber(184)[4], reverseTcpSequenceNumber(29305/184)[4], initialTCPFlags(6871/14)[1], unionTCPFlags(6871/15)[1], reverseInitialTCPFlags(6871/16398)[1], reverseUnionTCPFlags(6871/16399)[1], vlanId(58)[2], reverseVlanId(29305/58)[2], ipClassOfService(5)[1], reverseIpClassOfService(29305/5)[1], subTemplateMultiList(293)[65535]
rwipfix2silk: 'input0001': Set sTime=2021/09/10T16:14:56.488Z, dur=0.001s from incoming record flowStartMilliseconds=1631290496488, flowEndMilliseconds=1631290496489
rwipfix2silk: 'input0001': Set sTime=2021/09/10T16:14:57.232Z, dur=0.131s from incoming record flowStartMilliseconds=1631290497232, flowEndMilliseconds=1631290497363
rwipfix2silk: 'input0001': Set sTime=2021/09/10T16:14:59.066Z, dur=0.191s from incoming record flowStartMilliseconds=1631290499066, flowEndMilliseconds=1631290499257
rwipfix2silk: 'input0001': Set sTime=2021/09/10T16:15:00.944Z, dur=0.024s from incoming record flowStartMilliseconds=1631290500944, flowEndMilliseconds=1631290500968
rwipfix2silk: 'input0001': Set sTime=2021/09/10T16:15:07.411Z, dur=0.001s from incoming record flowStartMilliseconds=1631290507411, flowEndMilliseconds=1631290507412
rwipfix2silk: 'input0001': Processing template 0xb321 (45857), domain 0, with the YAF template
rwipfix2silk: 'input0001': Contents of template 0xb321 (45857), domain 0, 18 elements: flowStartMilliseconds(152)[8], flowEndMilliseconds(153)[8], octetTotalCount(85)[4], packetTotalCount(86)[4], sourceIPv4Address(8)[4], destinationIPv4Address(12)[4], sourceTransportPort(7)[2], destinationTransportPort(11)[2], flowAttributes(6871/40)[2], protocolIdentifier(4)[1], flowEndReason(136)[1], silkAppLabel(6871/33)[2], tcpSequenceNumber(184)[4], initialTCPFlags(6871/14)[1], unionTCPFlags(6871/15)[1], vlanId(58)[2], ipClassOfService(5)[1], subTemplateMultiList(293)[65535]
rwipfix2silk: 'input0001': Set sTime=2021/09/10T16:15:07.412Z, dur=0.000s from incoming record flowStartMilliseconds=1631290507412, flowEndMilliseconds=1631290507412
rwipfix2silk: 'input0001': Set sTime=2021/09/10T16:15:07.407Z, dur=0.712s from incoming record flowStartMilliseconds=1631290507407, flowEndMilliseconds=1631290508119
rwipfix2silk: 'input0001': Set sTime=2021/09/10T16:15:08.119Z, dur=0.000s from incoming record flowStartMilliseconds=1631290508119, flowEndMilliseconds=1631290508119
rwipfix2silk: 'input0001': Set sTime=2021/09/10T16:15:10.036Z, dur=0.187s from incoming record flowStartMilliseconds=1631290510036, flowEndMilliseconds=1631290510223
rwipfix2silk: 'input0001': Set sTime=2021/09/10T16:15:16.488Z, dur=0.001s from incoming record flowStartMilliseconds=1631290516488, flowEndMilliseconds=1631290516489
rwipfix2silk: 'input0001': Set sTime=2021/09/10T16:15:26.751Z, dur=0.024s from incoming record flowStartMilliseconds=1631290526751, flowEndMilliseconds=1631290526775
rwipfix2silk: 'input0001': Set sTime=2021/09/10T16:15:33.025Z, dur=0.056s from incoming record flowStartMilliseconds=1631290533025, flowEndMilliseconds=1631290533081
rwipfix2silk: 'input0001': Set sTime=2021/09/10T16:15:33.081Z, dur=0.001s from incoming record flowStartMilliseconds=1631290533081, flowEndMilliseconds=1631290533082
rwipfix2silk: 'input0001': Set sTime=2021/09/10T16:15:33.082Z, dur=0.000s from incoming record flowStartMilliseconds=1631290533082, flowEndMilliseconds=1631290533082
rwipfix2silk: 'input0001': Set sTime=2021/09/10T16:15:35.641Z, dur=0.192s from incoming record flowStartMilliseconds=1631290535641, flowEndMilliseconds=1631290535833
rwipfix2silk: 'input0001': Set sTime=2021/09/10T16:15:39.248Z, dur=0.068s from incoming record flowStartMilliseconds=1631290539248, flowEndMilliseconds=1631290539316
rwipfix2silk: 'input0001': Set sTime=2021/09/10T16:15:39.550Z, dur=0.009s from incoming record flowStartMilliseconds=1631290539550, flowEndMilliseconds=1631290539559
rwipfix2silk: 'input0001': Set sTime=2021/09/10T16:15:39.549Z, dur=0.010s from incoming record flowStartMilliseconds=1631290539549, flowEndMilliseconds=1631290539559
rwipfix2silk: 'input0001': Set sTime=2021/09/10T16:15:39.723Z, dur=0.000s from incoming record flowStartMilliseconds=1631290539723, flowEndMilliseconds=1631290539723
rwipfix2silk: 'input0001': Set sTime=2021/09/10T16:15:39.723Z, dur=0.000s from incoming record flowStartMilliseconds=1631290539723, flowEndMilliseconds=1631290539723
rwipfix2silk: 'input0001': Set sTime=2021/09/10T16:15:39.838Z, dur=0.000s from incoming record flowStartMilliseconds=1631290539838, flowEndMilliseconds=1631290539838
rwipfix2silk: 'input0001': Set sTime=2021/09/10T16:15:39.838Z, dur=0.000s from incoming record flowStartMilliseconds=1631290539838, flowEndMilliseconds=1631290539838
rwipfix2silk: 'input0001': Set sTime=2021/09/10T16:15:48.572Z, dur=0.001s from incoming record flowStartMilliseconds=1631290548572, flowEndMilliseconds=1631290548573
rwipfix2silk: 'input0001': Set sTime=2021/09/10T16:15:48.573Z, dur=0.000s from incoming record flowStartMilliseconds=1631290548573, flowEndMilliseconds=1631290548573
rwipfix2silk: 'input0001': Set sTime=2021/09/10T16:15:49.222Z, dur=0.291s from incoming record flowStartMilliseconds=1631290549222, flowEndMilliseconds=1631290549513
rwipfix2silk: 'input0001': Set sTime=2021/09/10T16:15:49.513Z, dur=0.000s from incoming record flowStartMilliseconds=1631290549513, flowEndMilliseconds=1631290549513
rwipfix2silk: 'input0001': Set sTime=2021/09/10T16:15:49.513Z, dur=0.000s from incoming record flowStartMilliseconds=1631290549513, flowEndMilliseconds=1631290549513
rwipfix2silk: 'input0001': Set sTime=2021/09/10T16:15:49.513Z, dur=0.000s from incoming record flowStartMilliseconds=1631290549513, flowEndMilliseconds=1631290549513
rwipfix2silk: 'input0001': Set sTime=2021/09/10T16:15:49.679Z, dur=0.068s from incoming record flowStartMilliseconds=1631290549679, flowEndMilliseconds=1631290549747
rwipfix2silk: 'input0001': Set sTime=2021/09/10T16:16:05.897Z, dur=0.024s from incoming record flowStartMilliseconds=1631290565897, flowEndMilliseconds=1631290565921
rwipfix2silk: 'input0001': Set sTime=2021/09/10T16:16:10.517Z, dur=0.019s from incoming record flowStartMilliseconds=1631290570517, flowEndMilliseconds=1631290570536
rwipfix2silk: 'input0001': Set sTime=2021/09/10T16:16:17.452Z, dur=0.458s from incoming record flowStartMilliseconds=1631290577452, flowEndMilliseconds=1631290577910
rwipfix2silk: 'input0001': Set sTime=2021/09/10T16:16:17.910Z, dur=0.000s from incoming record flowStartMilliseconds=1631290577910, flowEndMilliseconds=1631290577910
rwipfix2silk: 'input0001': Set sTime=2021/09/10T16:16:17.910Z, dur=0.000s from incoming record flowStartMilliseconds=1631290577910, flowEndMilliseconds=1631290577910
rwipfix2silk: 'input0001': Set sTime=2021/09/10T16:16:17.910Z, dur=0.000s from incoming record flowStartMilliseconds=1631290577910, flowEndMilliseconds=1631290577910
rwipfix2silk: 'input0001': Set sTime=2021/09/10T16:16:23.907Z, dur=0.023s from incoming record flowStartMilliseconds=1631290583907, flowEndMilliseconds=1631290583930
rwipfix2silk: 'input0001': Set sTime=2021/09/10T16:16:25.077Z, dur=0.040s from incoming record flowStartMilliseconds=1631290585077, flowEndMilliseconds=1631290585117
rwipfix2silk: 'input0001': Set sTime=2021/09/10T16:16:31.707Z, dur=0.053s from incoming record flowStartMilliseconds=1631290591707, flowEndMilliseconds=1631290591760
rwipfix2silk: 'input0001': Set sTime=2021/09/10T16:16:31.760Z, dur=0.001s from incoming record flowStartMilliseconds=1631290591760, flowEndMilliseconds=1631290591761
rwipfix2silk: 'input0001': Set sTime=2021/09/10T16:16:31.761Z, dur=0.000s from incoming record flowStartMilliseconds=1631290591761, flowEndMilliseconds=1631290591761
rwipfix2silk: 'input0001': Set sTime=2021/09/10T16:16:35.656Z, dur=0.048s from incoming record flowStartMilliseconds=1631290595656, flowEndMilliseconds=1631290595704
rwipfix2silk: 'input0001': Set sTime=2021/09/10T16:16:35.704Z, dur=0.001s from incoming record flowStartMilliseconds=1631290595704, flowEndMilliseconds=1631290595705
rwipfix2silk: 'input0001': Set sTime=2021/09/10T16:16:35.705Z, dur=0.000s from incoming record flowStartMilliseconds=1631290595705, flowEndMilliseconds=1631290595705
rwipfix2silk: 'input0001': Set sTime=2021/09/10T16:16:45.091Z, dur=0.200s from incoming record flowStartMilliseconds=1631290605091, flowEndMilliseconds=1631290605291
rwipfix2silk: 'input0001': Set sTime=2021/09/10T16:16:45.303Z, dur=0.669s from incoming record flowStartMilliseconds=1631290605303, flowEndMilliseconds=1631290605972
rwipfix2silk: 'input0001': Set sTime=2021/09/10T16:16:49.959Z, dur=0.307s from incoming record flowStartMilliseconds=1631290609959, flowEndMilliseconds=1631290610266
rwipfix2silk: 'input0001': Processing template 0xb301 (45825), domain 0, with the YAF template
rwipfix2silk: 'input0001': Contents of template 0xb301 (45825), domain 0, 15 elements: flowStartMilliseconds(152)[8], flowEndMilliseconds(153)[8], octetTotalCount(85)[4], packetTotalCount(86)[4], sourceIPv4Address(8)[4], destinationIPv4Address(12)[4], sourceTransportPort(7)[2], destinationTransportPort(11)[2], flowAttributes(6871/40)[2], protocolIdentifier(4)[1], flowEndReason(136)[1], silkAppLabel(6871/33)[2], vlanId(58)[2], ipClassOfService(5)[1], subTemplateMultiList(293)[65535]
rwipfix2silk: 'input0001': Set sTime=2021/09/10T16:14:52.625Z, dur=0.000s from incoming record flowStartMilliseconds=1631290492625, flowEndMilliseconds=1631290492625
rwipfix2silk: 'input0001': Set sTime=2021/09/10T16:14:52.626Z, dur=0.000s from incoming record flowStartMilliseconds=1631290492626, flowEndMilliseconds=1631290492626
rwipfix2silk: 'input0001': Set sTime=2021/09/10T16:14:52.641Z, dur=0.000s from incoming record flowStartMilliseconds=1631290492641, flowEndMilliseconds=1631290492641
rwipfix2silk: 'input0001': Set sTime=2021/09/10T16:14:52.699Z, dur=0.000s from incoming record flowStartMilliseconds=1631290492699, flowEndMilliseconds=1631290492699
rwipfix2silk: 'input0001': Set sTime=2021/09/10T16:14:52.699Z, dur=0.000s from incoming record flowStartMilliseconds=1631290492699, flowEndMilliseconds=1631290492699
rwipfix2silk: 'input0001': Set sTime=2021/09/10T16:14:52.719Z, dur=0.000s from incoming record flowStartMilliseconds=1631290492719, flowEndMilliseconds=1631290492719
rwipfix2silk: 'input0001': Set sTime=2021/09/10T16:14:53.158Z, dur=0.000s from incoming record flowStartMilliseconds=1631290493158, flowEndMilliseconds=1631290493158
rwipfix2silk: 'input0001': Set sTime=2021/09/10T16:14:53.277Z, dur=0.000s from incoming record flowStartMilliseconds=1631290493277, flowEndMilliseconds=1631290493277
rwipfix2silk: 'input0001': Set sTime=2021/09/10T16:14:53.519Z, dur=0.000s from incoming record flowStartMilliseconds=1631290493519, flowEndMilliseconds=1631290493519
rwipfix2silk: 'input0001': Set sTime=2021/09/10T16:14:53.861Z, dur=0.000s from incoming record flowStartMilliseconds=1631290493861, flowEndMilliseconds=1631290493861
rwipfix2silk: 'input0001': Set sTime=2021/09/10T16:14:54.316Z, dur=0.000s from incoming record flowStartMilliseconds=1631290494316, flowEndMilliseconds=1631290494316
rwipfix2silk: 'input0001': Processing template 0xb311 (45841), domain 0, with the YAF template
rwipfix2silk: 'input0001': Contents of template 0xb311 (45841), domain 0, 21 elements: flowStartMilliseconds(152)[8], flowEndMilliseconds(153)[8], octetTotalCount(85)[4], reverseOctetTotalCount(29305/85)[4], packetTotalCount(86)[4], reversePacketTotalCount(29305/86)[4], sourceIPv4Address(8)[4], destinationIPv4Address(12)[4], sourceTransportPort(7)[2], destinationTransportPort(11)[2], flowAttributes(6871/40)[2], reverseFlowAttributes(6871/16424)[2], protocolIdentifier(4)[1], flowEndReason(136)[1], silkAppLabel(6871/33)[2], reverseFlowDeltaMilliseconds(6871/21)[4], vlanId(58)[2], reverseVlanId(29305/58)[2], ipClassOfService(5)[1], reverseIpClassOfService(29305/5)[1], subTemplateMultiList(293)[65535]
rwipfix2silk: 'input0001': Set sTime=2021/09/10T16:14:54.586Z, dur=0.011s from incoming record flowStartMilliseconds=1631290494586, flowEndMilliseconds=1631290494597
rwipfix2silk: 'input0001': Set sTime=2021/09/10T16:14:54.840Z, dur=0.000s from incoming record flowStartMilliseconds=1631290494840, flowEndMilliseconds=1631290494840
rwipfix2silk: 'input0001': Set sTime=2021/09/10T16:14:55.073Z, dur=0.000s from incoming record flowStartMilliseconds=1631290495073, flowEndMilliseconds=1631290495073
rwipfix2silk: 'input0001': Set sTime=2021/09/10T16:14:55.120Z, dur=0.000s from incoming record flowStartMilliseconds=1631290495120, flowEndMilliseconds=1631290495120
rwipfix2silk: 'input0001': Set sTime=2021/09/10T16:14:55.645Z, dur=0.000s from incoming record flowStartMilliseconds=1631290495645, flowEndMilliseconds=1631290495645
rwipfix2silk: 'input0001': Set sTime=2021/09/10T16:14:55.645Z, dur=0.000s from incoming record flowStartMilliseconds=1631290495645, flowEndMilliseconds=1631290495645
rwipfix2silk: 'input0001': Set sTime=2021/09/10T16:14:55.874Z, dur=0.000s from incoming record flowStartMilliseconds=1631290495874, flowEndMilliseconds=1631290495874
rwipfix2silk: 'input0001': Set sTime=2021/09/10T16:14:55.874Z, dur=0.000s from incoming record flowStartMilliseconds=1631290495874, flowEndMilliseconds=1631290495874
rwipfix2silk: 'input0001': Set sTime=2021/09/10T16:14:55.917Z, dur=0.000s from incoming record flowStartMilliseconds=1631290495917, flowEndMilliseconds=1631290495917
rwipfix2silk: 'input0001': Set sTime=2021/09/10T16:14:56.462Z, dur=0.000s from incoming record flowStartMilliseconds=1631290496462, flowEndMilliseconds=1631290496462
rwipfix2silk: 'input0001': Set sTime=2021/09/10T16:14:56.489Z, dur=0.000s from incoming record flowStartMilliseconds=1631290496489, flowEndMilliseconds=1631290496489
rwipfix2silk: 'input0001': Set sTime=2021/09/10T16:14:56.524Z, dur=0.000s from incoming record flowStartMilliseconds=1631290496524, flowEndMilliseconds=1631290496524
rwipfix2silk: 'input0001': Set sTime=2021/09/10T16:14:56.524Z, dur=0.000s from incoming record flowStartMilliseconds=1631290496524, flowEndMilliseconds=1631290496524
rwipfix2silk: 'input0001': Set sTime=2021/09/10T16:14:56.719Z, dur=0.000s from incoming record flowStartMilliseconds=1631290496719, flowEndMilliseconds=1631290496719
rwipfix2silk: 'input0001': Set sTime=2021/09/10T16:14:56.732Z, dur=0.000s from incoming record flowStartMilliseconds=1631290496732, flowEndMilliseconds=1631290496732
rwipfix2silk: 'input0001': Set sTime=2021/09/10T16:14:57.249Z, dur=0.000s from incoming record flowStartMilliseconds=1631290497249, flowEndMilliseconds=1631290497249
rwipfix2silk: 'input0001': Set sTime=2021/09/10T16:14:57.363Z, dur=0.000s from incoming record flowStartMilliseconds=1631290497363, flowEndMilliseconds=1631290497363
rwipfix2silk: 'input0001': Set sTime=2021/09/10T16:14:57.519Z, dur=0.000s from incoming record flowStartMilliseconds=1631290497519, flowEndMilliseconds=1631290497519
rwipfix2silk: 'input0001': Set sTime=2021/09/10T16:14:57.838Z, dur=0.000s from incoming record flowStartMilliseconds=1631290497838, flowEndMilliseconds=1631290497838
rwipfix2silk: 'input0001': Set sTime=2021/09/10T16:14:57.850Z, dur=0.000s from incoming record flowStartMilliseconds=1631290497850, flowEndMilliseconds=1631290497850
rwipfix2silk: 'input0001': Set sTime=2021/09/10T16:14:58.283Z, dur=0.000s from incoming record flowStartMilliseconds=1631290498283, flowEndMilliseconds=1631290498283
rwipfix2silk: 'input0001': Set sTime=2021/09/10T16:14:58.285Z, dur=0.000s from incoming record flowStartMilliseconds=1631290498285, flowEndMilliseconds=1631290498285
rwipfix2silk: 'input0001': Set sTime=2021/09/10T16:14:58.320Z, dur=0.000s from incoming record flowStartMilliseconds=1631290498320, flowEndMilliseconds=1631290498320
rwipfix2silk: 'input0001': Set sTime=2021/09/10T16:14:58.334Z, dur=0.001s from incoming record flowStartMilliseconds=1631290498334, flowEndMilliseconds=1631290498335
rwipfix2silk: 'input0001': Set sTime=2021/09/10T16:14:52.989Z, dur=6.008s from incoming record flowStartMilliseconds=1631290492989, flowEndMilliseconds=1631290498997
rwipfix2silk: 'input0001': Set sTime=2021/09/10T16:14:59.117Z, dur=0.000s from incoming record flowStartMilliseconds=1631290499117, flowEndMilliseconds=1631290499117
rwipfix2silk: 'input0001': Set sTime=2021/09/10T16:14:59.257Z, dur=0.000s from incoming record flowStartMilliseconds=1631290499257, flowEndMilliseconds=1631290499257
rwipfix2silk: 'input0001': Set sTime=2021/09/10T16:14:52.501Z, dur=7.032s from incoming record flowStartMilliseconds=1631290492501, flowEndMilliseconds=1631290499533
rwipfix2silk: 'input0001': Set sTime=2021/09/10T16:14:59.534Z, dur=0.000s from incoming record flowStartMilliseconds=1631290499534, flowEndMilliseconds=1631290499534
rwipfix2silk: 'input0001': Set sTime=2021/09/10T16:14:59.916Z, dur=0.000s from incoming record flowStartMilliseconds=1631290499916, flowEndMilliseconds=1631290499916
rwipfix2silk: 'input0001': Set sTime=2021/09/10T16:15:00.719Z, dur=0.000s from incoming record flowStartMilliseconds=1631290500719, flowEndMilliseconds=1631290500719
rwipfix2silk: 'input0001': Set sTime=2021/09/10T16:15:00.968Z, dur=0.000s from incoming record flowStartMilliseconds=1631290500968, flowEndMilliseconds=1631290500968
rwipfix2silk: 'input0001': Set sTime=2021/09/10T16:15:01.519Z, dur=0.000s from incoming record flowStartMilliseconds=1631290501519, flowEndMilliseconds=1631290501519
rwipfix2silk: 'input0001': Set sTime=2021/09/10T16:14:54.571Z, dur=8.000s from incoming record flowStartMilliseconds=1631290494571, flowEndMilliseconds=1631290502571
rwipfix2silk: 'input0001': Set sTime=2021/09/10T16:15:02.644Z, dur=0.000s from incoming record flowStartMilliseconds=1631290502644, flowEndMilliseconds=1631290502644
rwipfix2silk: 'input0001': Set sTime=2021/09/10T16:15:02.644Z, dur=0.000s from incoming record flowStartMilliseconds=1631290502644, flowEndMilliseconds=1631290502644
rwipfix2silk: 'input0001': Set sTime=2021/09/10T16:15:02.697Z, dur=0.000s from incoming record flowStartMilliseconds=1631290502697, flowEndMilliseconds=1631290502697
rwipfix2silk: 'input0001': Set sTime=2021/09/10T16:15:02.697Z, dur=0.000s from incoming record flowStartMilliseconds=1631290502697, flowEndMilliseconds=1631290502697
rwipfix2silk: 'input0001': Set sTime=2021/09/10T16:14:54.706Z, dur=8.004s from incoming record flowStartMilliseconds=1631290494706, flowEndMilliseconds=1631290502710
rwipfix2silk: 'input0001': Set sTime=2021/09/10T16:15:02.906Z, dur=0.008s from incoming record flowStartMilliseconds=1631290502906, flowEndMilliseconds=1631290502914
rwipfix2silk: 'input0001': Set sTime=2021/09/10T16:15:03.290Z, dur=0.000s from incoming record flowStartMilliseconds=1631290503290, flowEndMilliseconds=1631290503290
rwipfix2silk: 'input0001': Set sTime=2021/09/10T16:15:03.294Z, dur=0.000s from incoming record flowStartMilliseconds=1631290503294, flowEndMilliseconds=1631290503294
rwipfix2silk: 'input0001': Set sTime=2021/09/10T16:14:55.701Z, dur=8.000s from incoming record flowStartMilliseconds=1631290495701, flowEndMilliseconds=1631290503701
rwipfix2silk: 'input0001': Set sTime=2021/09/10T16:15:03.845Z, dur=0.008s from incoming record flowStartMilliseconds=1631290503845, flowEndMilliseconds=1631290503853
rwipfix2silk: 'input0001': Set sTime=2021/09/10T16:14:55.941Z, dur=8.029s from incoming record flowStartMilliseconds=1631290495941, flowEndMilliseconds=1631290503970
rwipfix2silk: 'input0001': Set sTime=2021/09/10T16:15:04.259Z, dur=0.000s from incoming record flowStartMilliseconds=1631290504259, flowEndMilliseconds=1631290504259
rwipfix2silk: 'input0001': Set sTime=2021/09/10T16:15:04.259Z, dur=0.000s from incoming record flowStartMilliseconds=1631290504259, flowEndMilliseconds=1631290504259
rwipfix2silk: 'input0001': Set sTime=2021/09/10T16:15:05.590Z, dur=0.000s from incoming record flowStartMilliseconds=1631290505590, flowEndMilliseconds=1631290505590
rwipfix2silk: 'input0001': Set sTime=2021/09/10T16:15:05.590Z, dur=0.000s from incoming record flowStartMilliseconds=1631290505590, flowEndMilliseconds=1631290505590
rwipfix2silk: 'input0001': Set sTime=2021/09/10T16:14:53.709Z, dur=12.000s from incoming record flowStartMilliseconds=1631290493709, flowEndMilliseconds=1631290505709
rwipfix2silk: 'input0001': Set sTime=2021/09/10T16:15:05.722Z, dur=0.008s from incoming record flowStartMilliseconds=1631290505722, flowEndMilliseconds=1631290505730
rwipfix2silk: 'input0001': Set sTime=2021/09/10T16:15:05.723Z, dur=0.017s from incoming record flowStartMilliseconds=1631290505723, flowEndMilliseconds=1631290505740
rwipfix2silk: 'input0001': Set sTime=2021/09/10T16:14:53.838Z, dur=12.000s from incoming record flowStartMilliseconds=1631290493838, flowEndMilliseconds=1631290505838
rwipfix2silk: 'input0001': Set sTime=2021/09/10T16:14:53.848Z, dur=11.999s from incoming record flowStartMilliseconds=1631290493848, flowEndMilliseconds=1631290505847
rwipfix2silk: 'input0001': Set sTime=2021/09/10T16:15:05.885Z, dur=0.000s from incoming record flowStartMilliseconds=1631290505885, flowEndMilliseconds=1631290505885
rwipfix2silk: 'input0001': Set sTime=2021/09/10T16:15:05.885Z, dur=0.000s from incoming record flowStartMilliseconds=1631290505885, flowEndMilliseconds=1631290505885
rwipfix2silk: 'input0001': Set sTime=2021/09/10T16:14:54.089Z, dur=11.999s from incoming record flowStartMilliseconds=1631290494089, flowEndMilliseconds=1631290506088
rwipfix2silk: 'input0001': Set sTime=2021/09/10T16:14:54.097Z, dur=12.000s from incoming record flowStartMilliseconds=1631290494097, flowEndMilliseconds=1631290506097
rwipfix2silk: 'input0001': Set sTime=2021/09/10T16:14:52.428Z, dur=14.000s from incoming record flowStartMilliseconds=1631290492428, flowEndMilliseconds=1631290506428
rwipfix2silk: 'input0001': Set sTime=2021/09/10T16:15:06.511Z, dur=0.000s from incoming record flowStartMilliseconds=1631290506511, flowEndMilliseconds=1631290506511
rwipfix2silk: 'input0001': Set sTime=2021/09/10T16:15:06.511Z, dur=0.000s from incoming record flowStartMilliseconds=1631290506511, flowEndMilliseconds=1631290506511
rwipfix2silk: 'input0001': Set sTime=2021/09/10T16:14:57.093Z, dur=10.009s from incoming record flowStartMilliseconds=1631290497093, flowEndMilliseconds=1631290507102
rwipfix2silk: 'input0001': Set sTime=2021/09/10T16:15:07.412Z, dur=0.001s from incoming record flowStartMilliseconds=1631290507412, flowEndMilliseconds=1631290507413
rwipfix2silk: 'input0001': Set sTime=2021/09/10T16:15:07.513Z, dur=0.000s from incoming record flowStartMilliseconds=1631290507513, flowEndMilliseconds=1631290507513
rwipfix2silk: 'input0001': Set sTime=2021/09/10T16:14:59.883Z, dur=8.038s from incoming record flowStartMilliseconds=1631290499883, flowEndMilliseconds=1631290507921
rwipfix2silk: 'input0001': Set sTime=2021/09/10T16:15:08.297Z, dur=0.000s from incoming record flowStartMilliseconds=1631290508297, flowEndMilliseconds=1631290508297
rwipfix2silk: 'input0001': Set sTime=2021/09/10T16:15:08.299Z, dur=0.000s from incoming record flowStartMilliseconds=1631290508299, flowEndMilliseconds=1631290508299
rwipfix2silk: 'input0001': Set sTime=2021/09/10T16:15:08.573Z, dur=0.001s from incoming record flowStartMilliseconds=1631290508573, flowEndMilliseconds=1631290508574
rwipfix2silk: 'input0001': Set sTime=2021/09/10T16:15:08.618Z, dur=0.000s from incoming record flowStartMilliseconds=1631290508618, flowEndMilliseconds=1631290508618
rwipfix2silk: 'input0001': Set sTime=2021/09/10T16:14:54.598Z, dur=15.000s from incoming record flowStartMilliseconds=1631290494598, flowEndMilliseconds=1631290509598
rwipfix2silk: 'input0001': Set sTime=2021/09/10T16:15:10.223Z, dur=0.000s from incoming record flowStartMilliseconds=1631290510223, flowEndMilliseconds=1631290510223
rwipfix2silk: 'input0001': Set sTime=2021/09/10T16:15:10.380Z, dur=0.000s from incoming record flowStartMilliseconds=1631290510380, flowEndMilliseconds=1631290510380
rwipfix2silk: 'input0001': Set sTime=2021/09/10T16:15:10.380Z, dur=0.000s from incoming record flowStartMilliseconds=1631290510380, flowEndMilliseconds=1631290510380
rwipfix2silk: 'input0001': Set sTime=2021/09/10T16:15:09.490Z, dur=1.000s from incoming record flowStartMilliseconds=1631290509490, flowEndMilliseconds=1631290510490
rwipfix2silk: 'input0001': Set sTime=2021/09/10T16:15:10.624Z, dur=0.000s from incoming record flowStartMilliseconds=1631290510624, flowEndMilliseconds=1631290510624
rwipfix2silk: 'input0001': Set sTime=2021/09/10T16:15:09.742Z, dur=1.000s from incoming record flowStartMilliseconds=1631290509742, flowEndMilliseconds=1631290510742
rwipfix2silk: 'input0001': Set sTime=2021/09/10T16:14:55.763Z, dur=15.003s from incoming record flowStartMilliseconds=1631290495763, flowEndMilliseconds=1631290510766
rwipfix2silk: 'input0001': Set sTime=2021/09/10T16:15:03.541Z, dur=8.023s from incoming record flowStartMilliseconds=1631290503541, flowEndMilliseconds=1631290511564
rwipfix2silk: 'input0001': Set sTime=2021/09/10T16:15:11.736Z, dur=0.000s from incoming record flowStartMilliseconds=1631290511736, flowEndMilliseconds=1631290511736
rwipfix2silk: 'input0001': Set sTime=2021/09/10T16:15:11.732Z, dur=0.008s from incoming record flowStartMilliseconds=1631290511732, flowEndMilliseconds=1631290511740
rwipfix2silk: 'input0001': Set sTime=2021/09/10T16:15:11.741Z, dur=0.007s from incoming record flowStartMilliseconds=1631290511741, flowEndMilliseconds=1631290511748
rwipfix2silk: 'input0001': Set sTime=2021/09/10T16:15:11.749Z, dur=0.154s from incoming record flowStartMilliseconds=1631290511749, flowEndMilliseconds=1631290511903
rwipfix2silk: 'input0001': Set sTime=2021/09/10T16:15:11.728Z, dur=0.187s from incoming record flowStartMilliseconds=1631290511728, flowEndMilliseconds=1631290511915
rwipfix2silk: 'input0001': Set sTime=2021/09/10T16:15:01.481Z, dur=10.500s from incoming record flowStartMilliseconds=1631290501481, flowEndMilliseconds=1631290511981
rwipfix2silk: 'input0001': Set sTime=2021/09/10T16:15:01.482Z, dur=10.499s from incoming record flowStartMilliseconds=1631290501482, flowEndMilliseconds=1631290511981
rwipfix2silk: 'input0001': Set sTime=2021/09/10T16:15:12.119Z, dur=0.001s from incoming record flowStartMilliseconds=1631290512119, flowEndMilliseconds=1631290512120
rwipfix2silk: 'input0001': Set sTime=2021/09/10T16:15:12.539Z, dur=0.000s from incoming record flowStartMilliseconds=1631290512539, flowEndMilliseconds=1631290512539
rwipfix2silk: 'input0001': Set sTime=2021/09/10T16:15:12.606Z, dur=0.011s from incoming record flowStartMilliseconds=1631290512606, flowEndMilliseconds=1631290512617
rwipfix2silk: 'input0001': Set sTime=2021/09/10T16:15:12.688Z, dur=0.000s from incoming record flowStartMilliseconds=1631290512688, flowEndMilliseconds=1631290512688
rwipfix2silk: 'input0001': Set sTime=2021/09/10T16:15:12.688Z, dur=0.000s from incoming record flowStartMilliseconds=1631290512688, flowEndMilliseconds=1631290512688
rwipfix2silk: 'input0001': Set sTime=2021/09/10T16:15:12.621Z, dur=0.090s from incoming record flowStartMilliseconds=1631290512621, flowEndMilliseconds=1631290512711
rwipfix2silk: 'input0001': Set sTime=2021/09/10T16:15:12.714Z, dur=0.000s from incoming record flowStartMilliseconds=1631290512714, flowEndMilliseconds=1631290512714
rwipfix2silk: 'input0001': Set sTime=2021/09/10T16:15:12.715Z, dur=0.000s from incoming record flowStartMilliseconds=1631290512715, flowEndMilliseconds=1631290512715
rwipfix2silk: 'input0001': Set sTime=2021/09/10T16:15:12.715Z, dur=0.006s from incoming record flowStartMilliseconds=1631290512715, flowEndMilliseconds=1631290512721
rwipfix2silk: 'input0001': Set sTime=2021/09/10T16:15:12.602Z, dur=0.122s from incoming record flowStartMilliseconds=1631290512602, flowEndMilliseconds=1631290512724
rwipfix2silk: 'input0001': Set sTime=2021/09/10T16:15:12.918Z, dur=0.328s from incoming record flowStartMilliseconds=1631290512918, flowEndMilliseconds=1631290513246
rwipfix2silk: 'input0001': Set sTime=2021/09/10T16:15:12.916Z, dur=0.343s from incoming record flowStartMilliseconds=1631290512916, flowEndMilliseconds=1631290513259
rwipfix2silk: 'input0001': Set sTime=2021/09/10T16:15:13.302Z, dur=0.000s from incoming record flowStartMilliseconds=1631290513302, flowEndMilliseconds=1631290513302
rwipfix2silk: 'input0001': Set sTime=2021/09/10T16:15:13.305Z, dur=0.000s from incoming record flowStartMilliseconds=1631290513305, flowEndMilliseconds=1631290513305
rwipfix2silk: 'input0001': Set sTime=2021/09/10T16:15:13.339Z, dur=0.000s from incoming record flowStartMilliseconds=1631290513339, flowEndMilliseconds=1631290513339
rwipfix2silk: 'input0001': Set sTime=2021/09/10T16:15:04.352Z, dur=9.004s from incoming record flowStartMilliseconds=1631290504352, flowEndMilliseconds=1631290513356
rwipfix2silk: 'input0001': Set sTime=2021/09/10T16:15:05.322Z, dur=8.034s from incoming record flowStartMilliseconds=1631290505322, flowEndMilliseconds=1631290513356
rwipfix2silk: 'input0001': Set sTime=2021/09/10T16:15:13.518Z, dur=0.007s from incoming record flowStartMilliseconds=1631290513518, flowEndMilliseconds=1631290513525
rwipfix2silk: 'input0001': Set sTime=2021/09/10T16:15:13.530Z, dur=0.011s from incoming record flowStartMilliseconds=1631290513530, flowEndMilliseconds=1631290513541
rwipfix2silk: 'input0001': Set sTime=2021/09/10T16:15:13.550Z, dur=0.003s from incoming record flowStartMilliseconds=1631290513550, flowEndMilliseconds=1631290513553
rwipfix2silk: 'input0001': Set sTime=2021/09/10T16:15:13.544Z, dur=0.011s from incoming record flowStartMilliseconds=1631290513544, flowEndMilliseconds=1631290513555
rwipfix2silk: 'input0001': Set sTime=2021/09/10T16:15:13.558Z, dur=0.012s from incoming record flowStartMilliseconds=1631290513558, flowEndMilliseconds=1631290513570
rwipfix2silk: 'input0001': Set sTime=2021/09/10T16:15:13.573Z, dur=0.012s from incoming record flowStartMilliseconds=1631290513573, flowEndMilliseconds=1631290513585
rwipfix2silk: 'input0001': Set sTime=2021/09/10T16:15:13.514Z, dur=0.073s from incoming record flowStartMilliseconds=1631290513514, flowEndMilliseconds=1631290513587
rwipfix2silk: 'input0001': Set sTime=2021/09/10T16:15:13.882Z, dur=0.070s from incoming record flowStartMilliseconds=1631290513882, flowEndMilliseconds=1631290513952
rwipfix2silk: 'input0001': Set sTime=2021/09/10T16:15:13.956Z, dur=0.088s from incoming record flowStartMilliseconds=1631290513956, flowEndMilliseconds=1631290514044
rwipfix2silk: 'input0001': Set sTime=2021/09/10T16:15:13.879Z, dur=0.176s from incoming record flowStartMilliseconds=1631290513879, flowEndMilliseconds=1631290514055
rwipfix2silk: 'input0001': Set sTime=2021/09/10T16:15:14.140Z, dur=0.000s from incoming record flowStartMilliseconds=1631290514140, flowEndMilliseconds=1631290514140
rwipfix2silk: 'input0001': Set sTime=2021/09/10T16:15:14.250Z, dur=0.000s from incoming record flowStartMilliseconds=1631290514250, flowEndMilliseconds=1631290514250
rwipfix2silk: 'input0001': Set sTime=2021/09/10T16:15:14.251Z, dur=0.000s from incoming record flowStartMilliseconds=1631290514251, flowEndMilliseconds=1631290514251
rwipfix2silk: 'input0001': Set sTime=2021/09/10T16:15:14.387Z, dur=0.075s from incoming record flowStartMilliseconds=1631290514387, flowEndMilliseconds=1631290514462
rwipfix2silk: 'input0001': Set sTime=2021/09/10T16:15:14.465Z, dur=0.026s from incoming record flowStartMilliseconds=1631290514465, flowEndMilliseconds=1631290514491
rwipfix2silk: 'input0001': Set sTime=2021/09/10T16:15:14.384Z, dur=0.119s from incoming record flowStartMilliseconds=1631290514384, flowEndMilliseconds=1631290514503
rwipfix2silk: 'input0001': Set sTime=2021/09/10T16:15:14.737Z, dur=0.002s from incoming record flowStartMilliseconds=1631290514737, flowEndMilliseconds=1631290514739
rwipfix2silk: 'input0001': Set sTime=2021/09/10T16:15:14.742Z, dur=0.003s from incoming record flowStartMilliseconds=1631290514742, flowEndMilliseconds=1631290514745
rwipfix2silk: 'input0001': Set sTime=2021/09/10T16:15:14.944Z, dur=0.000s from incoming record flowStartMilliseconds=1631290514944, flowEndMilliseconds=1631290514944
rwipfix2silk: 'input0001': Set sTime=2021/09/10T16:15:15.339Z, dur=0.003s from incoming record flowStartMilliseconds=1631290515339, flowEndMilliseconds=1631290515342
rwipfix2silk: 'input0001': Processing template 0xb501 (46337), domain 0, with the YAF template
rwipfix2silk: 'input0001': Contents of template 0xb501 (46337), domain 0, 15 elements: flowStartMilliseconds(152)[8], flowEndMilliseconds(153)[8], octetTotalCount(85)[4], packetTotalCount(86)[4], sourceIPv6Address(27)[16], destinationIPv6Address(28)[16], sourceTransportPort(7)[2], destinationTransportPort(11)[2], flowAttributes(6871/40)[2], protocolIdentifier(4)[1], flowEndReason(136)[1], silkAppLabel(6871/33)[2], vlanId(58)[2], ipClassOfService(5)[1], subTemplateMultiList(293)[65535]
rwipfix2silk: 'input0001': Set sTime=2021/09/10T16:15:15.352Z, dur=0.003s from incoming record flowStartMilliseconds=1631290515352, flowEndMilliseconds=1631290515355
rwipfix2silk: 'input0001': Set sTime=2021/09/10T16:15:15.357Z, dur=0.004s from incoming record flowStartMilliseconds=1631290515357, flowEndMilliseconds=1631290515361
rwipfix2silk: 'input0001': Set sTime=2021/09/10T16:15:15.353Z, dur=0.012s from incoming record flowStartMilliseconds=1631290515353, flowEndMilliseconds=1631290515365
rwipfix2silk: 'input0001': Set sTime=2021/09/10T16:15:15.354Z, dur=0.029s from incoming record flowStartMilliseconds=1631290515354, flowEndMilliseconds=1631290515383
rwipfix2silk: 'input0001': Set sTime=2021/09/10T16:15:15.356Z, dur=0.028s from incoming record flowStartMilliseconds=1631290515356, flowEndMilliseconds=1631290515384
rwipfix2silk: 'input0001': Set sTime=2021/09/10T16:15:15.357Z, dur=0.029s from incoming record flowStartMilliseconds=1631290515357, flowEndMilliseconds=1631290515386
rwipfix2silk: 'input0001': Set sTime=2021/09/10T16:15:15.359Z, dur=0.030s from incoming record flowStartMilliseconds=1631290515359, flowEndMilliseconds=1631290515389
rwipfix2silk: 'input0001': Set sTime=2021/09/10T16:15:15.461Z, dur=0.037s from incoming record flowStartMilliseconds=1631290515461, flowEndMilliseconds=1631290515498
rwipfix2silk: 'input0001': Set sTime=2021/09/10T16:15:15.501Z, dur=0.007s from incoming record flowStartMilliseconds=1631290515501, flowEndMilliseconds=1631290515508
rwipfix2silk: 'input0001': Set sTime=2021/09/10T16:15:15.457Z, dur=0.054s from incoming record flowStartMilliseconds=1631290515457, flowEndMilliseconds=1631290515511
rwipfix2silk: 'input0001': Set sTime=2021/09/10T16:15:15.726Z, dur=0.008s from incoming record flowStartMilliseconds=1631290515726, flowEndMilliseconds=1631290515734
rwipfix2silk: 'input0001': Set sTime=2021/09/10T16:15:15.744Z, dur=0.000s from incoming record flowStartMilliseconds=1631290515744, flowEndMilliseconds=1631290515744
rwipfix2silk: 'input0001': Set sTime=2021/09/10T16:15:15.899Z, dur=0.000s from incoming record flowStartMilliseconds=1631290515899, flowEndMilliseconds=1631290515899
rwipfix2silk: 'input0001': Set sTime=2021/09/10T16:15:15.899Z, dur=0.000s from incoming record flowStartMilliseconds=1631290515899, flowEndMilliseconds=1631290515899
rwipfix2silk: 'input0001': Set sTime=2021/09/10T16:15:16.489Z, dur=0.000s from incoming record flowStartMilliseconds=1631290516489, flowEndMilliseconds=1631290516489
rwipfix2silk: 'input0001': Set sTime=2021/09/10T16:15:16.521Z, dur=0.000s from incoming record flowStartMilliseconds=1631290516521, flowEndMilliseconds=1631290516521
rwipfix2silk: 'input0001': Set sTime=2021/09/10T16:15:16.521Z, dur=0.000s from incoming record flowStartMilliseconds=1631290516521, flowEndMilliseconds=1631290516521
rwipfix2silk: 'input0001': Set sTime=2021/09/10T16:15:16.541Z, dur=0.000s from incoming record flowStartMilliseconds=1631290516541, flowEndMilliseconds=1631290516541
rwipfix2silk: 'input0001': Set sTime=2021/09/10T16:15:01.728Z, dur=14.999s from incoming record flowStartMilliseconds=1631290501728, flowEndMilliseconds=1631290516727
rwipfix2silk: 'input0001': Set sTime=2021/09/10T16:15:16.758Z, dur=0.003s from incoming record flowStartMilliseconds=1631290516758, flowEndMilliseconds=1631290516761
rwipfix2silk: 'input0001': Set sTime=2021/09/10T16:15:16.841Z, dur=0.001s from incoming record flowStartMilliseconds=1631290516841, flowEndMilliseconds=1631290516842
rwipfix2silk: 'input0001': Set sTime=2021/09/10T16:15:02.166Z, dur=15.005s from incoming record flowStartMilliseconds=1631290502166, flowEndMilliseconds=1631290517171
rwipfix2silk: 'input0001': Set sTime=2021/09/10T16:15:17.343Z, dur=0.000s from incoming record flowStartMilliseconds=1631290517343, flowEndMilliseconds=1631290517343
rwipfix2silk: 'input0001': Set sTime=2021/09/10T16:15:17.434Z, dur=0.003s from incoming record flowStartMilliseconds=1631290517434, flowEndMilliseconds=1631290517437
rwipfix2silk: 'input0001': Set sTime=2021/09/10T16:15:08.856Z, dur=9.003s from incoming record flowStartMilliseconds=1631290508856, flowEndMilliseconds=1631290517859
rwipfix2silk: 'input0001': Set sTime=2021/09/10T16:15:02.914Z, dur=15.001s from incoming record flowStartMilliseconds=1631290502914, flowEndMilliseconds=1631290517915
rwipfix2silk: 'input0001': Set sTime=2021/09/10T16:15:10.102Z, dur=8.031s from incoming record flowStartMilliseconds=1631290510102, flowEndMilliseconds=1631290518133
rwipfix2silk: 'input0001': Set sTime=2021/09/10T16:15:18.144Z, dur=0.000s from incoming record flowStartMilliseconds=1631290518144, flowEndMilliseconds=1631290518144
rwipfix2silk: 'input0001': Set sTime=2021/09/10T16:15:09.832Z, dur=9.020s from incoming record flowStartMilliseconds=1631290509832, flowEndMilliseconds=1631290518852
rwipfix2silk: 'input0001': Set sTime=2021/09/10T16:15:03.855Z, dur=15.000s from incoming record flowStartMilliseconds=1631290503855, flowEndMilliseconds=1631290518855
rwipfix2silk: 'input0001': Set sTime=2021/09/10T16:15:18.948Z, dur=0.000s from incoming record flowStartMilliseconds=1631290518948, flowEndMilliseconds=1631290518948
rwipfix2silk: 'input0001': Set sTime=2021/09/10T16:15:10.004Z, dur=9.013s from incoming record flowStartMilliseconds=1631290510004, flowEndMilliseconds=1631290519017
rwipfix2silk: 'input0001': Set sTime=2021/09/10T16:15:19.745Z, dur=0.000s from incoming record flowStartMilliseconds=1631290519745, flowEndMilliseconds=1631290519745
rwipfix2silk: 'input0001': Set sTime=2021/09/10T16:15:12.038Z, dur=8.021s from incoming record flowStartMilliseconds=1631290512038, flowEndMilliseconds=1631290520059
rwipfix2silk: 'input0001': Set sTime=2021/09/10T16:15:20.389Z, dur=0.000s from incoming record flowStartMilliseconds=1631290520389, flowEndMilliseconds=1631290520389
rwipfix2silk: 'input0001': Set sTime=2021/09/10T16:15:20.389Z, dur=0.000s from incoming record flowStartMilliseconds=1631290520389, flowEndMilliseconds=1631290520389
rwipfix2silk: 'input0001': Set sTime=2021/09/10T16:15:20.546Z, dur=0.000s from incoming record flowStartMilliseconds=1631290520546, flowEndMilliseconds=1631290520546
rwipfix2silk: 'input0001': Set sTime=2021/09/10T16:15:05.742Z, dur=15.472s from incoming record flowStartMilliseconds=1631290505742, flowEndMilliseconds=1631290521214
rwipfix2silk: 'input0001': Set sTime=2021/09/10T16:15:21.347Z, dur=0.000s from incoming record flowStartMilliseconds=1631290521347, flowEndMilliseconds=1631290521347
rwipfix2silk: 'input0001': Set sTime=2021/09/10T16:15:22.134Z, dur=0.000s from incoming record flowStartMilliseconds=1631290522134, flowEndMilliseconds=1631290522134
rwipfix2silk: 'input0001': Set sTime=2021/09/10T16:15:22.130Z, dur=0.007s from incoming record flowStartMilliseconds=1631290522130, flowEndMilliseconds=1631290522137
rwipfix2silk: 'input0001': Set sTime=2021/09/10T16:15:22.127Z, dur=0.011s from incoming record flowStartMilliseconds=1631290522127, flowEndMilliseconds=1631290522138
rwipfix2silk: 'input0001': Set sTime=2021/09/10T16:15:22.667Z, dur=0.000s from incoming record flowStartMilliseconds=1631290522667, flowEndMilliseconds=1631290522667
rwipfix2silk: 'input0001': Set sTime=2021/09/10T16:15:22.668Z, dur=0.000s from incoming record flowStartMilliseconds=1631290522668, flowEndMilliseconds=1631290522668
rwipfix2silk: 'input0001': Set sTime=2021/09/10T16:15:22.721Z, dur=0.000s from incoming record flowStartMilliseconds=1631290522721, flowEndMilliseconds=1631290522721
rwipfix2silk: 'input0001': Set sTime=2021/09/10T16:15:22.721Z, dur=0.000s from incoming record flowStartMilliseconds=1631290522721, flowEndMilliseconds=1631290522721
rwipfix2silk: 'input0001': Set sTime=2021/09/10T16:15:22.936Z, dur=0.000s from incoming record flowStartMilliseconds=1631290522936, flowEndMilliseconds=1631290522936
rwipfix2silk: 'input0001': Set sTime=2021/09/10T16:15:18.309Z, dur=5.004s from incoming record flowStartMilliseconds=1631290518309, flowEndMilliseconds=1631290523313
rwipfix2silk: 'input0001': Set sTime=2021/09/10T16:15:08.557Z, dur=15.000s from incoming record flowStartMilliseconds=1631290508557, flowEndMilliseconds=1631290523557
rwipfix2silk: 'input0001': Set sTime=2021/09/10T16:15:08.574Z, dur=15.001s from incoming record flowStartMilliseconds=1631290508574, flowEndMilliseconds=1631290523575
rwipfix2silk: 'input0001': Set sTime=2021/09/10T16:15:23.739Z, dur=0.000s from incoming record flowStartMilliseconds=1631290523739, flowEndMilliseconds=1631290523739
rwipfix2silk: 'input0001': Set sTime=2021/09/10T16:15:21.220Z, dur=3.034s from incoming record flowStartMilliseconds=1631290521220, flowEndMilliseconds=1631290524254
rwipfix2silk: 'input0001': Set sTime=2021/09/10T16:15:24.540Z, dur=0.000s from incoming record flowStartMilliseconds=1631290524540, flowEndMilliseconds=1631290524540
rwipfix2silk: 'input0001': Set sTime=2021/09/10T16:15:09.706Z, dur=15.000s from incoming record flowStartMilliseconds=1631290509706, flowEndMilliseconds=1631290524706
rwipfix2silk: 'input0001': Set sTime=2021/09/10T16:15:25.264Z, dur=0.000s from incoming record flowStartMilliseconds=1631290525264, flowEndMilliseconds=1631290525264
rwipfix2silk: 'input0001': Set sTime=2021/09/10T16:15:25.264Z, dur=0.000s from incoming record flowStartMilliseconds=1631290525264, flowEndMilliseconds=1631290525264
rwipfix2silk: 'input0001': Set sTime=2021/09/10T16:15:24.259Z, dur=1.018s from incoming record flowStartMilliseconds=1631290524259, flowEndMilliseconds=1631290525277
rwipfix2silk: 'input0001': Set sTime=2021/09/10T16:15:25.337Z, dur=0.000s from incoming record flowStartMilliseconds=1631290525337, flowEndMilliseconds=1631290525337
rwipfix2silk: 'input0001': Set sTime=2021/09/10T16:15:17.479Z, dur=8.030s from incoming record flowStartMilliseconds=1631290517479, flowEndMilliseconds=1631290525509
rwipfix2silk: 'input0001': Set sTime=2021/09/10T16:15:17.700Z, dur=8.015s from incoming record flowStartMilliseconds=1631290517700, flowEndMilliseconds=1631290525715
rwipfix2silk: 'input0001': Set sTime=2021/09/10T16:15:25.911Z, dur=0.000s from incoming record flowStartMilliseconds=1631290525911, flowEndMilliseconds=1631290525911
rwipfix2silk: 'input0001': Set sTime=2021/09/10T16:15:25.911Z, dur=0.000s from incoming record flowStartMilliseconds=1631290525911, flowEndMilliseconds=1631290525911
rwipfix2silk: 'input0001': Set sTime=2021/09/10T16:15:26.140Z, dur=0.000s from incoming record flowStartMilliseconds=1631290526140, flowEndMilliseconds=1631290526140
rwipfix2silk: 'input0001': Set sTime=2021/09/10T16:15:26.530Z, dur=0.000s from incoming record flowStartMilliseconds=1631290526530, flowEndMilliseconds=1631290526530
rwipfix2silk: 'input0001': Set sTime=2021/09/10T16:15:26.530Z, dur=0.001s from incoming record flowStartMilliseconds=1631290526530, flowEndMilliseconds=1631290526531
rwipfix2silk: 'input0001': Set sTime=2021/09/10T16:15:11.717Z, dur=15.002s from incoming record flowStartMilliseconds=1631290511717, flowEndMilliseconds=1631290526719
rwipfix2silk: 'input0001': Set sTime=2021/09/10T16:15:26.775Z, dur=0.000s from incoming record flowStartMilliseconds=1631290526775, flowEndMilliseconds=1631290526775
rwipfix2silk: 'input0001': Set sTime=2021/09/10T16:15:11.858Z, dur=15.001s from incoming record flowStartMilliseconds=1631290511858, flowEndMilliseconds=1631290526859
rwipfix2silk: 'input0001': Set sTime=2021/09/10T16:15:26.945Z, dur=0.000s from incoming record flowStartMilliseconds=1631290526945, flowEndMilliseconds=1631290526945
rwipfix2silk: 'input0001': Set sTime=2021/09/10T16:15:12.089Z, dur=15.001s from incoming record flowStartMilliseconds=1631290512089, flowEndMilliseconds=1631290527090
rwipfix2silk: 'input0001': Set sTime=2021/09/10T16:15:12.098Z, dur=14.999s from incoming record flowStartMilliseconds=1631290512098, flowEndMilliseconds=1631290527097
rwipfix2silk: 'input0001': Set sTime=2021/09/10T16:15:17.112Z, dur=10.002s from incoming record flowStartMilliseconds=1631290517112, flowEndMilliseconds=1631290527114
rwipfix2silk: 'input0001': Set sTime=2021/09/10T16:15:12.340Z, dur=15.000s from incoming record flowStartMilliseconds=1631290512340, flowEndMilliseconds=1631290527340
rwipfix2silk: 'input0001': Set sTime=2021/09/10T16:15:12.428Z, dur=15.000s from incoming record flowStartMilliseconds=1631290512428, flowEndMilliseconds=1631290527428
rwipfix2silk: 'input0001': Set sTime=2021/09/10T16:15:10.315Z, dur=17.428s from incoming record flowStartMilliseconds=1631290510315, flowEndMilliseconds=1631290527743
rwipfix2silk: 'input0001': Set sTime=2021/09/10T16:15:27.747Z, dur=0.000s from incoming record flowStartMilliseconds=1631290527747, flowEndMilliseconds=1631290527747
rwipfix2silk: 'input0001': Set sTime=2021/09/10T16:15:10.314Z, dur=17.530s from incoming record flowStartMilliseconds=1631290510314, flowEndMilliseconds=1631290527844
rwipfix2silk: 'input0001': Set sTime=2021/09/10T16:15:23.317Z, dur=5.005s from incoming record flowStartMilliseconds=1631290523317, flowEndMilliseconds=1631290528322
rwipfix2silk: 'input0001': Set sTime=2021/09/10T16:15:28.335Z, dur=0.000s from incoming record flowStartMilliseconds=1631290528335, flowEndMilliseconds=1631290528335
rwipfix2silk: 'input0001': Set sTime=2021/09/10T16:15:28.546Z, dur=0.000s from incoming record flowStartMilliseconds=1631290528546, flowEndMilliseconds=1631290528546
rwipfix2silk: 'input0001': Set sTime=2021/09/10T16:15:29.346Z, dur=0.000s from incoming record flowStartMilliseconds=1631290529346, flowEndMilliseconds=1631290529346
rwipfix2silk: 'input0001': Set sTime=2021/09/10T16:15:22.737Z, dur=7.178s from incoming record flowStartMilliseconds=1631290522737, flowEndMilliseconds=1631290529915
rwipfix2silk: 'input0001': Set sTime=2021/09/10T16:15:29.918Z, dur=0.000s from incoming record flowStartMilliseconds=1631290529918, flowEndMilliseconds=1631290529918
rwipfix2silk: 'input0001': Set sTime=2021/09/10T16:15:15.018Z, dur=15.001s from incoming record flowStartMilliseconds=1631290515018, flowEndMilliseconds=1631290530019
rwipfix2silk: 'input0001': Set sTime=2021/09/10T16:15:30.065Z, dur=0.000s from incoming record flowStartMilliseconds=1631290530065, flowEndMilliseconds=1631290530065
rwipfix2silk: 'input0001': Set sTime=2021/09/10T16:15:30.146Z, dur=0.000s from incoming record flowStartMilliseconds=1631290530146, flowEndMilliseconds=1631290530146
rwipfix2silk: 'input0001': Set sTime=2021/09/10T16:15:22.142Z, dur=8.026s from incoming record flowStartMilliseconds=1631290522142, flowEndMilliseconds=1631290530168
rwipfix2silk: 'input0001': Set sTime=2021/09/10T16:15:30.397Z, dur=0.000s from incoming record flowStartMilliseconds=1631290530397, flowEndMilliseconds=1631290530397
rwipfix2silk: 'input0001': Set sTime=2021/09/10T16:15:30.397Z, dur=0.000s from incoming record flowStartMilliseconds=1631290530397, flowEndMilliseconds=1631290530397
rwipfix2silk: 'input0001': Set sTime=2021/09/10T16:15:15.737Z, dur=15.001s from incoming record flowStartMilliseconds=1631290515737, flowEndMilliseconds=1631290530738
rwipfix2silk: 'input0001': Set sTime=2021/09/10T16:15:30.740Z, dur=0.012s from incoming record flowStartMilliseconds=1631290530740, flowEndMilliseconds=1631290530752
rwipfix2silk: 'input0001': Set sTime=2021/09/10T16:15:30.736Z, dur=0.019s from incoming record flowStartMilliseconds=1631290530736, flowEndMilliseconds=1631290530755
rwipfix2silk: 'input0001': Set sTime=2021/09/10T16:15:30.946Z, dur=0.000s from incoming record flowStartMilliseconds=1631290530946, flowEndMilliseconds=1631290530946
rwipfix2silk: 'input0001': Set sTime=2021/09/10T16:15:31.603Z, dur=0.000s from incoming record flowStartMilliseconds=1631290531603, flowEndMilliseconds=1631290531603
rwipfix2silk: 'input0001': Set sTime=2021/09/10T16:15:31.604Z, dur=0.000s from incoming record flowStartMilliseconds=1631290531604, flowEndMilliseconds=1631290531604
rwipfix2silk: 'input0001': Set sTime=2021/09/10T16:15:31.744Z, dur=0.000s from incoming record flowStartMilliseconds=1631290531744, flowEndMilliseconds=1631290531744
rwipfix2silk: 'input0001': Set sTime=2021/09/10T16:15:24.063Z, dur=8.036s from incoming record flowStartMilliseconds=1631290524063, flowEndMilliseconds=1631290532099
rwipfix2silk: 'input0001': Set sTime=2021/09/10T16:15:32.680Z, dur=0.000s from incoming record flowStartMilliseconds=1631290532680, flowEndMilliseconds=1631290532680
rwipfix2silk: 'input0001': Set sTime=2021/09/10T16:15:32.680Z, dur=0.000s from incoming record flowStartMilliseconds=1631290532680, flowEndMilliseconds=1631290532680
rwipfix2silk: 'input0001': Set sTime=2021/09/10T16:15:32.737Z, dur=0.000s from incoming record flowStartMilliseconds=1631290532737, flowEndMilliseconds=1631290532737
rwipfix2silk: 'input0001': Set sTime=2021/09/10T16:15:32.737Z, dur=0.000s from incoming record flowStartMilliseconds=1631290532737, flowEndMilliseconds=1631290532737
rwipfix2silk: 'input0001': Set sTime=2021/09/10T16:15:23.840Z, dur=9.010s from incoming record flowStartMilliseconds=1631290523840, flowEndMilliseconds=1631290532850
rwipfix2silk: 'input0001': Set sTime=2021/09/10T16:15:33.098Z, dur=0.007s from incoming record flowStartMilliseconds=1631290533098, flowEndMilliseconds=1631290533105
rwipfix2silk: 'input0001': Set sTime=2021/09/10T16:15:33.106Z, dur=0.001s from incoming record flowStartMilliseconds=1631290533106, flowEndMilliseconds=1631290533107
rwipfix2silk: 'input0001': Set sTime=2021/09/10T16:15:33.107Z, dur=0.011s from incoming record flowStartMilliseconds=1631290533107, flowEndMilliseconds=1631290533118
rwipfix2silk: 'input0001': Set sTime=2021/09/10T16:15:28.328Z, dur=5.005s from incoming record flowStartMilliseconds=1631290528328, flowEndMilliseconds=1631290533333
rwipfix2silk: 'input0001': Set sTime=2021/09/10T16:15:33.349Z, dur=0.001s from incoming record flowStartMilliseconds=1631290533349, flowEndMilliseconds=1631290533350
rwipfix2silk: 'input0001': Set sTime=2021/09/10T16:15:25.002Z, dur=9.006s from incoming record flowStartMilliseconds=1631290525002, flowEndMilliseconds=1631290534008
rwipfix2silk: 'input0001': Set sTime=2021/09/10T16:15:33.098Z, dur=0.999s from incoming record flowStartMilliseconds=1631290533098, flowEndMilliseconds=1631290534097
rwipfix2silk: 'input0001': Set sTime=2021/09/10T16:15:33.349Z, dur=0.999s from incoming record flowStartMilliseconds=1631290533349, flowEndMilliseconds=1631290534348
rwipfix2silk: 'input0001': Set sTime=2021/09/10T16:15:35.268Z, dur=0.000s from incoming record flowStartMilliseconds=1631290535268, flowEndMilliseconds=1631290535268
rwipfix2silk: 'input0001': Set sTime=2021/09/10T16:15:35.268Z, dur=0.000s from incoming record flowStartMilliseconds=1631290535268, flowEndMilliseconds=1631290535268
rwipfix2silk: 'input0001': Set sTime=2021/09/10T16:15:35.833Z, dur=0.000s from incoming record flowStartMilliseconds=1631290535833, flowEndMilliseconds=1631290535833
rwipfix2silk: 'input0001': Set sTime=2021/09/10T16:15:35.922Z, dur=0.000s from incoming record flowStartMilliseconds=1631290535922, flowEndMilliseconds=1631290535922
rwipfix2silk: 'input0001': Set sTime=2021/09/10T16:15:35.923Z, dur=0.000s from incoming record flowStartMilliseconds=1631290535923, flowEndMilliseconds=1631290535923
rwipfix2silk: 'input0001': Set sTime=2021/09/10T16:15:36.146Z, dur=0.000s from incoming record flowStartMilliseconds=1631290536146, flowEndMilliseconds=1631290536146
rwipfix2silk: 'input0001': Set sTime=2021/09/10T16:15:36.142Z, dur=0.008s from incoming record flowStartMilliseconds=1631290536142, flowEndMilliseconds=1631290536150
rwipfix2silk: 'input0001': Set sTime=2021/09/10T16:15:36.143Z, dur=0.012s from incoming record flowStartMilliseconds=1631290536143, flowEndMilliseconds=1631290536155
rwipfix2silk: 'input0001': Set sTime=2021/09/10T16:15:36.138Z, dur=0.022s from incoming record flowStartMilliseconds=1631290536138, flowEndMilliseconds=1631290536160
rwipfix2silk: 'input0001': Set sTime=2021/09/10T16:15:28.127Z, dur=8.039s from incoming record flowStartMilliseconds=1631290528127, flowEndMilliseconds=1631290536166
rwipfix2silk: 'input0001': Set sTime=2021/09/10T16:15:36.542Z, dur=0.000s from incoming record flowStartMilliseconds=1631290536542, flowEndMilliseconds=1631290536542
rwipfix2silk: 'input0001': Set sTime=2021/09/10T16:15:36.542Z, dur=0.000s from incoming record flowStartMilliseconds=1631290536542, flowEndMilliseconds=1631290536542
rwipfix2silk: 'input0001': Set sTime=2021/09/10T16:15:21.717Z, dur=15.000s from incoming record flowStartMilliseconds=1631290521717, flowEndMilliseconds=1631290536717
rwipfix2silk: 'input0001': Set sTime=2021/09/10T16:15:36.861Z, dur=0.032s from incoming record flowStartMilliseconds=1631290536861, flowEndMilliseconds=1631290536893
rwipfix2silk: 'input0001': Set sTime=2021/09/10T16:15:36.944Z, dur=0.000s from incoming record flowStartMilliseconds=1631290536944, flowEndMilliseconds=1631290536944
rwipfix2silk: 'input0001': Set sTime=2021/09/10T16:15:05.734Z, dur=31.247s from incoming record flowStartMilliseconds=1631290505734, flowEndMilliseconds=1631290536981
rwipfix2silk: 'input0001': Set sTime=2021/09/10T16:15:29.510Z, dur=8.032s from incoming record flowStartMilliseconds=1631290529510, flowEndMilliseconds=1631290537542
rwipfix2silk: 'input0001': Set sTime=2021/09/10T16:15:37.747Z, dur=0.000s from incoming record flowStartMilliseconds=1631290537747, flowEndMilliseconds=1631290537747
rwipfix2silk: 'input0001': Set sTime=2021/09/10T16:15:29.730Z, dur=8.036s from incoming record flowStartMilliseconds=1631290529730, flowEndMilliseconds=1631290537766
rwipfix2silk: 'input0001': Set sTime=2021/09/10T16:15:38.340Z, dur=0.000s from incoming record flowStartMilliseconds=1631290538340, flowEndMilliseconds=1631290538340
rwipfix2silk: 'input0001': Set sTime=2021/09/10T16:15:38.351Z, dur=0.000s from incoming record flowStartMilliseconds=1631290538351, flowEndMilliseconds=1631290538351
rwipfix2silk: 'input0001': Set sTime=2021/09/10T16:15:38.545Z, dur=0.000s from incoming record flowStartMilliseconds=1631290538545, flowEndMilliseconds=1631290538545
rwipfix2silk: 'input0001': Set sTime=2021/09/10T16:15:39.316Z, dur=0.000s from incoming record flowStartMilliseconds=1631290539316, flowEndMilliseconds=1631290539316
rwipfix2silk: 'input0001': Set sTime=2021/09/10T16:15:39.347Z, dur=0.000s from incoming record flowStartMilliseconds=1631290539347, flowEndMilliseconds=1631290539347
rwipfix2silk: 'input0001': Set sTime=2021/09/10T16:15:39.559Z, dur=0.000s from incoming record flowStartMilliseconds=1631290539559, flowEndMilliseconds=1631290539559
rwipfix2silk: 'input0001': Set sTime=2021/09/10T16:15:39.559Z, dur=0.000s from incoming record flowStartMilliseconds=1631290539559, flowEndMilliseconds=1631290539559
rwipfix2silk: 'input0001': Set sTime=2021/09/10T16:15:24.858Z, dur=14.999s from incoming record flowStartMilliseconds=1631290524858, flowEndMilliseconds=1631290539857
rwipfix2silk: 'input0001': Set sTime=2021/09/10T16:15:40.147Z, dur=0.000s from incoming record flowStartMilliseconds=1631290540147, flowEndMilliseconds=1631290540147
rwipfix2silk: 'input0001': Set sTime=2021/09/10T16:15:40.407Z, dur=0.000s from incoming record flowStartMilliseconds=1631290540407, flowEndMilliseconds=1631290540407
rwipfix2silk: 'input0001': Set sTime=2021/09/10T16:15:40.407Z, dur=0.000s from incoming record flowStartMilliseconds=1631290540407, flowEndMilliseconds=1631290540407
rwipfix2silk: 'input0001': Set sTime=2021/09/10T16:15:40.632Z, dur=0.004s from incoming record flowStartMilliseconds=1631290540632, flowEndMilliseconds=1631290540636
rwipfix2silk: 'input0001': Set sTime=2021/09/10T16:15:40.948Z, dur=0.000s from incoming record flowStartMilliseconds=1631290540948, flowEndMilliseconds=1631290540948
rwipfix2silk: 'input0001': Set sTime=2021/09/10T16:15:41.614Z, dur=0.000s from incoming record flowStartMilliseconds=1631290541614, flowEndMilliseconds=1631290541614
rwipfix2silk: 'input0001': Set sTime=2021/09/10T16:15:41.614Z, dur=0.000s from incoming record flowStartMilliseconds=1631290541614, flowEndMilliseconds=1631290541614
rwipfix2silk: 'input0001': Set sTime=2021/09/10T16:15:41.744Z, dur=0.000s from incoming record flowStartMilliseconds=1631290541744, flowEndMilliseconds=1631290541744
rwipfix2silk: 'input0001': Set sTime=2021/09/10T16:15:35.998Z, dur=6.134s from incoming record flowStartMilliseconds=1631290535998, flowEndMilliseconds=1631290542132
rwipfix2silk: 'input0001': Set sTime=2021/09/10T16:15:35.998Z, dur=6.443s from incoming record flowStartMilliseconds=1631290535998, flowEndMilliseconds=1631290542441
rwipfix2silk: 'input0001': Set sTime=2021/09/10T16:15:42.436Z, dur=0.024s from incoming record flowStartMilliseconds=1631290542436, flowEndMilliseconds=1631290542460
rwipfix2silk: 'input0001': Set sTime=2021/09/10T16:15:42.432Z, dur=0.029s from incoming record flowStartMilliseconds=1631290542432, flowEndMilliseconds=1631290542461
rwipfix2silk: 'input0001': Set sTime=2021/09/10T16:15:42.547Z, dur=0.000s from incoming record flowStartMilliseconds=1631290542547, flowEndMilliseconds=1631290542547
rwipfix2silk: 'input0001': Set sTime=2021/09/10T16:15:42.697Z, dur=0.000s from incoming record flowStartMilliseconds=1631290542697, flowEndMilliseconds=1631290542697
rwipfix2silk: 'input0001': Set sTime=2021/09/10T16:15:42.698Z, dur=0.000s from incoming record flowStartMilliseconds=1631290542698, flowEndMilliseconds=1631290542698
rwipfix2silk: 'input0001': Set sTime=2021/09/10T16:15:42.749Z, dur=0.000s from incoming record flowStartMilliseconds=1631290542749, flowEndMilliseconds=1631290542749
rwipfix2silk: 'input0001': Set sTime=2021/09/10T16:15:42.749Z, dur=0.000s from incoming record flowStartMilliseconds=1631290542749, flowEndMilliseconds=1631290542749
rwipfix2silk: 'input0001': Set sTime=2021/09/10T16:15:43.348Z, dur=0.000s from incoming record flowStartMilliseconds=1631290543348, flowEndMilliseconds=1631290543348
rwipfix2silk: 'input0001': Set sTime=2021/09/10T16:15:43.353Z, dur=0.000s from incoming record flowStartMilliseconds=1631290543353, flowEndMilliseconds=1631290543353
rwipfix2silk: 'input0001': Set sTime=2021/09/10T16:15:43.356Z, dur=0.000s from incoming record flowStartMilliseconds=1631290543356, flowEndMilliseconds=1631290543356
rwipfix2silk: 'input0001': Set sTime=2021/09/10T16:15:44.146Z, dur=0.000s from incoming record flowStartMilliseconds=1631290544146, flowEndMilliseconds=1631290544146
rwipfix2silk: 'input0001': Set sTime=2021/09/10T16:15:36.198Z, dur=8.033s from incoming record flowStartMilliseconds=1631290536198, flowEndMilliseconds=1631290544231
rwipfix2silk: 'input0001': Set sTime=2021/09/10T16:15:29.580Z, dur=15.001s from incoming record flowStartMilliseconds=1631290529580, flowEndMilliseconds=1631290544581
rwipfix2silk: 'input0001': Set sTime=2021/09/10T16:15:44.946Z, dur=0.000s from incoming record flowStartMilliseconds=1631290544946, flowEndMilliseconds=1631290544946
rwipfix2silk: 'input0001': Set sTime=2021/09/10T16:15:45.295Z, dur=0.000s from incoming record flowStartMilliseconds=1631290545295, flowEndMilliseconds=1631290545295
rwipfix2silk: 'input0001': Set sTime=2021/09/10T16:15:45.299Z, dur=0.000s from incoming record flowStartMilliseconds=1631290545299, flowEndMilliseconds=1631290545299
rwipfix2silk: 'input0001': Set sTime=2021/09/10T16:15:45.352Z, dur=0.004s from incoming record flowStartMilliseconds=1631290545352, flowEndMilliseconds=1631290545356
rwipfix2silk: 'input0001': Set sTime=2021/09/10T16:15:45.353Z, dur=0.004s from incoming record flowStartMilliseconds=1631290545353, flowEndMilliseconds=1631290545357
rwipfix2silk: 'input0001': Set sTime=2021/09/10T16:15:45.355Z, dur=0.004s from incoming record flowStartMilliseconds=1631290545355, flowEndMilliseconds=1631290545359
rwipfix2silk: 'input0001': Set sTime=2021/09/10T16:15:45.357Z, dur=0.002s from incoming record flowStartMilliseconds=1631290545357, flowEndMilliseconds=1631290545359
rwipfix2silk: 'input0001': Set sTime=2021/09/10T16:15:45.356Z, dur=0.004s from incoming record flowStartMilliseconds=1631290545356, flowEndMilliseconds=1631290545360
rwipfix2silk: 'input0001': Set sTime=2021/09/10T16:15:45.358Z, dur=0.010s from incoming record flowStartMilliseconds=1631290545358, flowEndMilliseconds=1631290545368
rwipfix2silk: 'input0001': Set sTime=2021/09/10T16:15:45.359Z, dur=0.010s from incoming record flowStartMilliseconds=1631290545359, flowEndMilliseconds=1631290545369
rwipfix2silk: 'input0001': Set sTime=2021/09/10T16:15:30.723Z, dur=15.004s from incoming record flowStartMilliseconds=1631290530723, flowEndMilliseconds=1631290545727
rwipfix2silk: 'input0001': Set sTime=2021/09/10T16:15:45.746Z, dur=0.000s from incoming record flowStartMilliseconds=1631290545746, flowEndMilliseconds=1631290545746
rwipfix2silk: 'input0001': Set sTime=2021/09/10T16:15:45.863Z, dur=0.007s from incoming record flowStartMilliseconds=1631290545863, flowEndMilliseconds=1631290545870
rwipfix2silk: 'input0001': Set sTime=2021/09/10T16:15:45.934Z, dur=0.000s from incoming record flowStartMilliseconds=1631290545934, flowEndMilliseconds=1631290545934
rwipfix2silk: 'input0001': Set sTime=2021/09/10T16:15:45.934Z, dur=0.000s from incoming record flowStartMilliseconds=1631290545934, flowEndMilliseconds=1631290545934
rwipfix2silk: 'input0001': Set sTime=2021/09/10T16:15:38.239Z, dur=8.020s from incoming record flowStartMilliseconds=1631290538239, flowEndMilliseconds=1631290546259
rwipfix2silk: 'input0001': Set sTime=2021/09/10T16:15:38.428Z, dur=8.016s from incoming record flowStartMilliseconds=1631290538428, flowEndMilliseconds=1631290546444
rwipfix2silk: 'input0001': Set sTime=2021/09/10T16:15:46.553Z, dur=0.000s from incoming record flowStartMilliseconds=1631290546553, flowEndMilliseconds=1631290546553
rwipfix2silk: 'input0001': Set sTime=2021/09/10T16:15:46.553Z, dur=0.000s from incoming record flowStartMilliseconds=1631290546553, flowEndMilliseconds=1631290546553
rwipfix2silk: 'input0001': Set sTime=2021/09/10T16:15:37.121Z, dur=10.002s from incoming record flowStartMilliseconds=1631290537121, flowEndMilliseconds=1631290547123
rwipfix2silk: 'input0001': Set sTime=2021/09/10T16:15:32.574Z, dur=15.000s from incoming record flowStartMilliseconds=1631290532574, flowEndMilliseconds=1631290547574
rwipfix2silk: 'input0001': Set sTime=2021/09/10T16:15:48.362Z, dur=0.000s from incoming record flowStartMilliseconds=1631290548362, flowEndMilliseconds=1631290548362
rwipfix2silk: 'input0001': Set sTime=2021/09/10T16:15:48.365Z, dur=0.000s from incoming record flowStartMilliseconds=1631290548365, flowEndMilliseconds=1631290548365
rwipfix2silk: 'input0001': Set sTime=2021/09/10T16:15:33.428Z, dur=14.999s from incoming record flowStartMilliseconds=1631290533428, flowEndMilliseconds=1631290548427
rwipfix2silk: 'input0001': Set sTime=2021/09/10T16:15:48.568Z, dur=0.000s from incoming record flowStartMilliseconds=1631290548568, flowEndMilliseconds=1631290548568
rwipfix2silk: 'input0001': Set sTime=2021/09/10T16:15:48.565Z, dur=0.008s from incoming record flowStartMilliseconds=1631290548565, flowEndMilliseconds=1631290548573
rwipfix2silk: 'input0001': Set sTime=2021/09/10T16:15:48.566Z, dur=0.012s from incoming record flowStartMilliseconds=1631290548566, flowEndMilliseconds=1631290548578
rwipfix2silk: 'input0001': Set sTime=2021/09/10T16:15:48.560Z, dur=0.023s from incoming record flowStartMilliseconds=1631290548560, flowEndMilliseconds=1631290548583
rwipfix2silk: 'input0001': Set sTime=2021/09/10T16:15:49.370Z, dur=0.000s from incoming record flowStartMilliseconds=1631290549370, flowEndMilliseconds=1631290549370
rwipfix2silk: 'input0001': Set sTime=2021/09/10T16:15:49.747Z, dur=0.000s from incoming record flowStartMilliseconds=1631290549747, flowEndMilliseconds=1631290549747
rwipfix2silk: 'input0001': Set sTime=2021/09/10T16:15:50.166Z, dur=0.000s from incoming record flowStartMilliseconds=1631290550166, flowEndMilliseconds=1631290550166
rwipfix2silk: 'input0001': Set sTime=2021/09/10T16:15:50.583Z, dur=0.007s from incoming record flowStartMilliseconds=1631290550583, flowEndMilliseconds=1631290550590
rwipfix2silk: 'input0001': Set sTime=2021/09/10T16:15:35.731Z, dur=15.002s from incoming record flowStartMilliseconds=1631290535731, flowEndMilliseconds=1631290550733
rwipfix2silk: 'input0001': Set sTime=2021/09/10T16:15:50.967Z, dur=0.000s from incoming record flowStartMilliseconds=1631290550967, flowEndMilliseconds=1631290550967
rwipfix2silk: 'input0001': Set sTime=2021/09/10T16:15:51.417Z, dur=0.000s from incoming record flowStartMilliseconds=1631290551417, flowEndMilliseconds=1631290551417
rwipfix2silk: 'input0001': Set sTime=2021/09/10T16:15:51.423Z, dur=0.000s from incoming record flowStartMilliseconds=1631290551423, flowEndMilliseconds=1631290551423
rwipfix2silk: 'input0001': Set sTime=2021/09/10T16:15:43.673Z, dur=8.008s from incoming record flowStartMilliseconds=1631290543673, flowEndMilliseconds=1631290551681
rwipfix2silk: 'input0001': Set sTime=2021/09/10T16:15:51.731Z, dur=0.008s from incoming record flowStartMilliseconds=1631290551731, flowEndMilliseconds=1631290551739
rwipfix2silk: 'input0001': Set sTime=2021/09/10T16:15:51.767Z, dur=0.000s from incoming record flowStartMilliseconds=1631290551767, flowEndMilliseconds=1631290551767
rwipfix2silk: 'input0001': Set sTime=2021/09/10T16:15:43.786Z, dur=8.038s from incoming record flowStartMilliseconds=1631290543786, flowEndMilliseconds=1631290551824
rwipfix2silk: 'input0001': Set sTime=2021/09/10T16:15:36.893Z, dur=15.000s from incoming record flowStartMilliseconds=1631290536893, flowEndMilliseconds=1631290551893
rwipfix2silk: 'input0001': Set sTime=2021/09/10T16:14:59.124Z, dur=53.003s from incoming record flowStartMilliseconds=1631290499124, flowEndMilliseconds=1631290552127
rwipfix2silk: 'input0001': Set sTime=2021/09/10T16:15:01.124Z, dur=51.008s from incoming record flowStartMilliseconds=1631290501124, flowEndMilliseconds=1631290552132
rwipfix2silk: 'input0001': Set sTime=2021/09/10T16:15:52.568Z, dur=0.000s from incoming record flowStartMilliseconds=1631290552568, flowEndMilliseconds=1631290552568
rwipfix2silk: 'input0001': Set sTime=2021/09/10T16:15:52.768Z, dur=0.000s from incoming record flowStartMilliseconds=1631290552768, flowEndMilliseconds=1631290552768
rwipfix2silk: 'input0001': Set sTime=2021/09/10T16:15:52.768Z, dur=0.000s from incoming record flowStartMilliseconds=1631290552768, flowEndMilliseconds=1631290552768
rwipfix2silk: 'input0001': Set sTime=2021/09/10T16:15:43.840Z, dur=9.013s from incoming record flowStartMilliseconds=1631290543840, flowEndMilliseconds=1631290552853
rwipfix2silk: 'input0001': Set sTime=2021/09/10T16:15:52.917Z, dur=0.000s from incoming record flowStartMilliseconds=1631290552917, flowEndMilliseconds=1631290552917
rwipfix2silk: 'input0001': Set sTime=2021/09/10T16:15:52.917Z, dur=0.000s from incoming record flowStartMilliseconds=1631290552917, flowEndMilliseconds=1631290552917
rwipfix2silk: 'input0001': Set sTime=2021/09/10T16:15:53.366Z, dur=0.000s from incoming record flowStartMilliseconds=1631290553366, flowEndMilliseconds=1631290553366
rwipfix2silk: 'input0001': Set sTime=2021/09/10T16:15:53.371Z, dur=0.000s from incoming record flowStartMilliseconds=1631290553371, flowEndMilliseconds=1631290553371
rwipfix2silk: 'input0001': Set sTime=2021/09/10T16:15:53.373Z, dur=0.001s from incoming record flowStartMilliseconds=1631290553373, flowEndMilliseconds=1631290553374
rwipfix2silk: 'input0001': Set sTime=2021/09/10T16:15:22.481Z, dur=31.499s from incoming record flowStartMilliseconds=1631290522481, flowEndMilliseconds=1631290553980
rwipfix2silk: 'input0001': Set sTime=2021/09/10T16:15:22.481Z, dur=31.500s from incoming record flowStartMilliseconds=1631290522481, flowEndMilliseconds=1631290553981
rwipfix2silk: 'input0001': Set sTime=2021/09/10T16:15:45.013Z, dur=9.013s from incoming record flowStartMilliseconds=1631290545013, flowEndMilliseconds=1631290554026
rwipfix2silk: 'input0001': Set sTime=2021/09/10T16:15:01.833Z, dur=52.225s from incoming record flowStartMilliseconds=1631290501833, flowEndMilliseconds=1631290554058
rwipfix2silk: 'input0001': Set sTime=2021/09/10T16:15:54.167Z, dur=0.000s from incoming record flowStartMilliseconds=1631290554167, flowEndMilliseconds=1631290554167
rwipfix2silk: 'input0001': Set sTime=2021/09/10T16:14:56.196Z, dur=58.001s from incoming record flowStartMilliseconds=1631290496196, flowEndMilliseconds=1631290554197
rwipfix2silk: 'input0001': Set sTime=2021/09/10T16:14:54.140Z, dur=60.355s from incoming record flowStartMilliseconds=1631290494140, flowEndMilliseconds=1631290554495
rwipfix2silk: 'input0001': Set sTime=2021/09/10T16:15:54.971Z, dur=0.000s from incoming record flowStartMilliseconds=1631290554971, flowEndMilliseconds=1631290554971
rwipfix2silk: 'input0001': Set sTime=2021/09/10T16:15:55.288Z, dur=0.000s from incoming record flowStartMilliseconds=1631290555288, flowEndMilliseconds=1631290555288
rwipfix2silk: 'input0001': Set sTime=2021/09/10T16:15:55.288Z, dur=0.000s from incoming record flowStartMilliseconds=1631290555288, flowEndMilliseconds=1631290555288
rwipfix2silk: 'input0001': Set sTime=2021/09/10T16:14:56.443Z, dur=59.123s from incoming record flowStartMilliseconds=1631290496443, flowEndMilliseconds=1631290555566
rwipfix2silk: 'input0001': Set sTime=2021/09/10T16:15:55.770Z, dur=0.000s from incoming record flowStartMilliseconds=1631290555770, flowEndMilliseconds=1631290555770
rwipfix2silk: 'input0001': Set sTime=2021/09/10T16:15:55.951Z, dur=0.000s from incoming record flowStartMilliseconds=1631290555951, flowEndMilliseconds=1631290555951
rwipfix2silk: 'input0001': Set sTime=2021/09/10T16:15:55.951Z, dur=0.000s from incoming record flowStartMilliseconds=1631290555951, flowEndMilliseconds=1631290555951
rwipfix2silk: 'input0001': Set sTime=2021/09/10T16:15:48.350Z, dur=8.019s from incoming record flowStartMilliseconds=1631290548350, flowEndMilliseconds=1631290556369
rwipfix2silk: 'input0001': Set sTime=2021/09/10T16:15:56.561Z, dur=0.000s from incoming record flowStartMilliseconds=1631290556561, flowEndMilliseconds=1631290556561
rwipfix2silk: 'input0001': Set sTime=2021/09/10T16:15:56.561Z, dur=0.000s from incoming record flowStartMilliseconds=1631290556561, flowEndMilliseconds=1631290556561
rwipfix2silk: 'input0001': Set sTime=2021/09/10T16:15:56.570Z, dur=0.000s from incoming record flowStartMilliseconds=1631290556570, flowEndMilliseconds=1631290556570
rwipfix2silk: 'input0001': Set sTime=2021/09/10T16:15:56.667Z, dur=0.007s from incoming record flowStartMilliseconds=1631290556667, flowEndMilliseconds=1631290556674
rwipfix2silk: 'input0001': Set sTime=2021/09/10T16:15:56.666Z, dur=0.011s from incoming record flowStartMilliseconds=1631290556666, flowEndMilliseconds=1631290556677
rwipfix2silk: 'input0001': Set sTime=2021/09/10T16:15:56.662Z, dur=0.026s from incoming record flowStartMilliseconds=1631290556662, flowEndMilliseconds=1631290556688
rwipfix2silk: 'input0001': Set sTime=2021/09/10T16:15:41.715Z, dur=15.000s from incoming record flowStartMilliseconds=1631290541715, flowEndMilliseconds=1631290556715
rwipfix2silk: 'input0001': Set sTime=2021/09/10T16:15:41.778Z, dur=15.028s from incoming record flowStartMilliseconds=1631290541778, flowEndMilliseconds=1631290556806
rwipfix2silk: 'input0001': Set sTime=2021/09/10T16:15:57.004Z, dur=0.003s from incoming record flowStartMilliseconds=1631290557004, flowEndMilliseconds=1631290557007
rwipfix2silk: 'input0001': Set sTime=2021/09/10T16:14:52.624Z, dur=64.504s from incoming record flowStartMilliseconds=1631290492624, flowEndMilliseconds=1631290557128
rwipfix2silk: 'input0001': Set sTime=2021/09/10T16:15:57.371Z, dur=0.000s from incoming record flowStartMilliseconds=1631290557371, flowEndMilliseconds=1631290557371
rwipfix2silk: 'input0001': Set sTime=2021/09/10T16:15:49.581Z, dur=8.015s from incoming record flowStartMilliseconds=1631290549581, flowEndMilliseconds=1631290557596
rwipfix2silk: 'input0001': Set sTime=2021/09/10T16:15:57.621Z, dur=0.000s from incoming record flowStartMilliseconds=1631290557621, flowEndMilliseconds=1631290557621
rwipfix2silk: 'input0001': Set sTime=2021/09/10T16:15:57.622Z, dur=0.000s from incoming record flowStartMilliseconds=1631290557622, flowEndMilliseconds=1631290557622
rwipfix2silk: 'input0001': Set sTime=2021/09/10T16:15:57.998Z, dur=0.011s from incoming record flowStartMilliseconds=1631290557998, flowEndMilliseconds=1631290558009
rwipfix2silk: 'input0001': Set sTime=2021/09/10T16:15:58.172Z, dur=0.000s from incoming record flowStartMilliseconds=1631290558172, flowEndMilliseconds=1631290558172
rwipfix2silk: 'input0001': Set sTime=2021/09/10T16:15:50.262Z, dur=8.010s from incoming record flowStartMilliseconds=1631290550262, flowEndMilliseconds=1631290558272
rwipfix2silk: 'input0001': Set sTime=2021/09/10T16:15:58.335Z, dur=0.008s from incoming record flowStartMilliseconds=1631290558335, flowEndMilliseconds=1631290558343
rwipfix2silk: 'input0001': Set sTime=2021/09/10T16:15:58.380Z, dur=0.000s from incoming record flowStartMilliseconds=1631290558380, flowEndMilliseconds=1631290558380
rwipfix2silk: 'input0001': Set sTime=2021/09/10T16:15:58.383Z, dur=0.000s from incoming record flowStartMilliseconds=1631290558383, flowEndMilliseconds=1631290558383
rwipfix2silk: 'input0001': Set sTime=2021/09/10T16:14:52.749Z, dur=66.498s from incoming record flowStartMilliseconds=1631290492749, flowEndMilliseconds=1631290559247
rwipfix2silk: 'input0001': Set sTime=2021/09/10T16:15:59.409Z, dur=0.000s from incoming record flowStartMilliseconds=1631290559409, flowEndMilliseconds=1631290559409
rwipfix2silk: 'input0001': Set sTime=2021/09/10T16:15:59.405Z, dur=0.164s from incoming record flowStartMilliseconds=1631290559405, flowEndMilliseconds=1631290559569
rwipfix2silk: 'input0001': Set sTime=2021/09/10T16:15:59.573Z, dur=0.012s from incoming record flowStartMilliseconds=1631290559573, flowEndMilliseconds=1631290559585
rwipfix2silk: 'input0001': Set sTime=2021/09/10T16:15:59.401Z, dur=0.192s from incoming record flowStartMilliseconds=1631290559401, flowEndMilliseconds=1631290559593
rwipfix2silk: 'input0001': Set sTime=2021/09/10T16:14:57.744Z, dur=62.003s from incoming record flowStartMilliseconds=1631290497744, flowEndMilliseconds=1631290559747
rwipfix2silk: 'input0001': Set sTime=2021/09/10T16:16:00.210Z, dur=0.000s from incoming record flowStartMilliseconds=1631290560210, flowEndMilliseconds=1631290560210
rwipfix2silk: 'input0001': Set sTime=2021/09/10T16:15:45.872Z, dur=15.000s from incoming record flowStartMilliseconds=1631290545872, flowEndMilliseconds=1631290560872
rwipfix2silk: 'input0001': Set sTime=2021/09/10T16:14:54.502Z, dur=66.483s from incoming record flowStartMilliseconds=1631290494502, flowEndMilliseconds=1631290560985
rwipfix2silk: 'input0001': Set sTime=2021/09/10T16:16:01.008Z, dur=0.000s from incoming record flowStartMilliseconds=1631290561008, flowEndMilliseconds=1631290561008
rwipfix2silk: 'input0001': Set sTime=2021/09/10T16:15:00.744Z, dur=60.503s from incoming record flowStartMilliseconds=1631290500744, flowEndMilliseconds=1631290561247
rwipfix2silk: 'input0001': Set sTime=2021/09/10T16:16:01.423Z, dur=0.000s from incoming record flowStartMilliseconds=1631290561423, flowEndMilliseconds=1631290561423
rwipfix2silk: 'input0001': Set sTime=2021/09/10T16:16:01.423Z, dur=0.000s from incoming record flowStartMilliseconds=1631290561423, flowEndMilliseconds=1631290561423
rwipfix2silk: 'input0001': Set sTime=2021/09/10T16:16:01.808Z, dur=0.000s from incoming record flowStartMilliseconds=1631290561808, flowEndMilliseconds=1631290561808
rwipfix2silk: 'input0001': Set sTime=2021/09/10T16:16:01.801Z, dur=0.011s from incoming record flowStartMilliseconds=1631290561801, flowEndMilliseconds=1631290561812
rwipfix2silk: 'input0001': Set sTime=2021/09/10T16:16:01.893Z, dur=0.003s from incoming record flowStartMilliseconds=1631290561893, flowEndMilliseconds=1631290561896
rwipfix2silk: 'input0001': Set sTime=2021/09/10T16:16:02.606Z, dur=0.000s from incoming record flowStartMilliseconds=1631290562606, flowEndMilliseconds=1631290562606
rwipfix2silk: 'input0001': Set sTime=2021/09/10T16:16:02.768Z, dur=0.000s from incoming record flowStartMilliseconds=1631290562768, flowEndMilliseconds=1631290562768
rwipfix2silk: 'input0001': Set sTime=2021/09/10T16:16:02.768Z, dur=0.000s from incoming record flowStartMilliseconds=1631290562768, flowEndMilliseconds=1631290562768
rwipfix2silk: 'input0001': Set sTime=2021/09/10T16:16:02.778Z, dur=0.000s from incoming record flowStartMilliseconds=1631290562778, flowEndMilliseconds=1631290562778
rwipfix2silk: 'input0001': Set sTime=2021/09/10T16:16:02.778Z, dur=0.000s from incoming record flowStartMilliseconds=1631290562778, flowEndMilliseconds=1631290562778
rwipfix2silk: 'input0001': Set sTime=2021/09/10T16:15:32.326Z, dur=30.626s from incoming record flowStartMilliseconds=1631290532326, flowEndMilliseconds=1631290562952
rwipfix2silk: 'input0001': Set sTime=2021/09/10T16:15:32.328Z, dur=30.626s from incoming record flowStartMilliseconds=1631290532328, flowEndMilliseconds=1631290562954
rwipfix2silk: 'input0001': Set sTime=2021/09/10T16:16:03.389Z, dur=0.000s from incoming record flowStartMilliseconds=1631290563389, flowEndMilliseconds=1631290563389
rwipfix2silk: 'input0001': Set sTime=2021/09/10T16:16:03.393Z, dur=0.000s from incoming record flowStartMilliseconds=1631290563393, flowEndMilliseconds=1631290563393
rwipfix2silk: 'input0001': Set sTime=2021/09/10T16:16:03.408Z, dur=0.000s from incoming record flowStartMilliseconds=1631290563408, flowEndMilliseconds=1631290563408
rwipfix2silk: 'input0001': Set sTime=2021/09/10T16:15:55.682Z, dur=8.038s from incoming record flowStartMilliseconds=1631290555682, flowEndMilliseconds=1631290563720
rwipfix2silk: 'input0001': Set sTime=2021/09/10T16:15:55.940Z, dur=8.036s from incoming record flowStartMilliseconds=1631290555940, flowEndMilliseconds=1631290563976
rwipfix2silk: 'input0001': Set sTime=2021/09/10T16:16:04.206Z, dur=0.000s from incoming record flowStartMilliseconds=1631290564206, flowEndMilliseconds=1631290564206
rwipfix2silk: 'input0001': Set sTime=2021/09/10T16:16:05.008Z, dur=0.000s from incoming record flowStartMilliseconds=1631290565008, flowEndMilliseconds=1631290565008
rwipfix2silk: 'input0001': Set sTime=2021/09/10T16:15:50.591Z, dur=15.001s from incoming record flowStartMilliseconds=1631290550591, flowEndMilliseconds=1631290565592
rwipfix2silk: 'input0001': Set sTime=2021/09/10T16:16:05.804Z, dur=0.000s from incoming record flowStartMilliseconds=1631290565804, flowEndMilliseconds=1631290565804
rwipfix2silk: 'input0001': Set sTime=2021/09/10T16:16:05.921Z, dur=0.000s from incoming record flowStartMilliseconds=1631290565921, flowEndMilliseconds=1631290565921
rwipfix2silk: 'input0001': Set sTime=2021/09/10T16:16:05.963Z, dur=0.000s from incoming record flowStartMilliseconds=1631290565963, flowEndMilliseconds=1631290565963
rwipfix2silk: 'input0001': Set sTime=2021/09/10T16:16:05.963Z, dur=0.000s from incoming record flowStartMilliseconds=1631290565963, flowEndMilliseconds=1631290565963
rwipfix2silk: 'input0001': Set sTime=2021/09/10T16:16:06.571Z, dur=0.000s from incoming record flowStartMilliseconds=1631290566571, flowEndMilliseconds=1631290566571
rwipfix2silk: 'input0001': Set sTime=2021/09/10T16:16:06.571Z, dur=0.000s from incoming record flowStartMilliseconds=1631290566571, flowEndMilliseconds=1631290566571
rwipfix2silk: 'input0001': Set sTime=2021/09/10T16:16:06.607Z, dur=0.000s from incoming record flowStartMilliseconds=1631290566607, flowEndMilliseconds=1631290566607
rwipfix2silk: 'input0001': Set sTime=2021/09/10T16:15:51.740Z, dur=15.002s from incoming record flowStartMilliseconds=1631290551740, flowEndMilliseconds=1631290566742
rwipfix2silk: 'input0001': Set sTime=2021/09/10T16:16:06.875Z, dur=0.001s from incoming record flowStartMilliseconds=1631290566875, flowEndMilliseconds=1631290566876
rwipfix2silk: 'input0001': Set sTime=2021/09/10T16:15:07.117Z, dur=60.001s from incoming record flowStartMilliseconds=1631290507117, flowEndMilliseconds=1631290567118
rwipfix2silk: 'input0001': Set sTime=2021/09/10T16:15:57.127Z, dur=10.004s from incoming record flowStartMilliseconds=1631290557127, flowEndMilliseconds=1631290567131
rwipfix2silk: 'input0001': Set sTime=2021/09/10T16:16:07.367Z, dur=0.001s from incoming record flowStartMilliseconds=1631290567367, flowEndMilliseconds=1631290567368
rwipfix2silk: 'input0001': Set sTime=2021/09/10T16:16:07.409Z, dur=0.000s from incoming record flowStartMilliseconds=1631290567409, flowEndMilliseconds=1631290567409
rwipfix2silk: 'input0001': Set sTime=2021/09/10T16:16:04.578Z, dur=3.007s from incoming record flowStartMilliseconds=1631290564578, flowEndMilliseconds=1631290567585
rwipfix2silk: 'input0001': Set sTime=2021/09/10T16:16:07.633Z, dur=0.000s from incoming record flowStartMilliseconds=1631290567633, flowEndMilliseconds=1631290567633
rwipfix2silk: 'input0001': Set sTime=2021/09/10T16:16:07.634Z, dur=0.000s from incoming record flowStartMilliseconds=1631290567634, flowEndMilliseconds=1631290567634
rwipfix2silk: 'input0001': Set sTime=2021/09/10T16:15:58.853Z, dur=9.025s from incoming record flowStartMilliseconds=1631290558853, flowEndMilliseconds=1631290567878
rwipfix2silk: 'input0001': Set sTime=2021/09/10T16:16:08.210Z, dur=0.000s from incoming record flowStartMilliseconds=1631290568210, flowEndMilliseconds=1631290568210
rwipfix2silk: 'input0001': Set sTime=2021/09/10T16:16:08.399Z, dur=0.000s from incoming record flowStartMilliseconds=1631290568399, flowEndMilliseconds=1631290568399
rwipfix2silk: 'input0001': Set sTime=2021/09/10T16:16:08.402Z, dur=0.000s from incoming record flowStartMilliseconds=1631290568402, flowEndMilliseconds=1631290568402
rwipfix2silk: 'input0001': Set sTime=2021/09/10T16:16:00.384Z, dur=8.040s from incoming record flowStartMilliseconds=1631290560384, flowEndMilliseconds=1631290568424
rwipfix2silk: 'input0001': Set sTime=2021/09/10T16:16:08.877Z, dur=0.000s from incoming record flowStartMilliseconds=1631290568877, flowEndMilliseconds=1631290568877
rwipfix2silk: 'input0001': Set sTime=2021/09/10T16:16:09.005Z, dur=0.000s from incoming record flowStartMilliseconds=1631290569005, flowEndMilliseconds=1631290569005
rwipfix2silk: 'input0001': Set sTime=2021/09/10T16:16:00.011Z, dur=9.028s from incoming record flowStartMilliseconds=1631290560011, flowEndMilliseconds=1631290569039
rwipfix2silk: 'input0001': Set sTime=2021/09/10T16:15:54.457Z, dur=15.000s from incoming record flowStartMilliseconds=1631290554457, flowEndMilliseconds=1631290569457
rwipfix2silk: 'input0001': Set sTime=2021/09/10T16:16:09.950Z, dur=0.000s from incoming record flowStartMilliseconds=1631290569950, flowEndMilliseconds=1631290569950
rwipfix2silk: 'input0001': Set sTime=2021/09/10T16:16:10.536Z, dur=0.000s from incoming record flowStartMilliseconds=1631290570536, flowEndMilliseconds=1631290570536
rwipfix2silk: 'input0001': Set sTime=2021/09/10T16:15:09.995Z, dur=61.201s from incoming record flowStartMilliseconds=1631290509995, flowEndMilliseconds=1631290571196
rwipfix2silk: 'input0001': Set sTime=2021/09/10T16:16:11.369Z, dur=0.004s from incoming record flowStartMilliseconds=1631290571369, flowEndMilliseconds=1631290571373
rwipfix2silk: 'input0001': Set sTime=2021/09/10T16:15:56.587Z, dur=15.000s from incoming record flowStartMilliseconds=1631290556587, flowEndMilliseconds=1631290571587
rwipfix2silk: 'input0001': Set sTime=2021/09/10T16:15:11.547Z, dur=60.502s from incoming record flowStartMilliseconds=1631290511547, flowEndMilliseconds=1631290572049
rwipfix2silk: 'input0001': Set sTime=2021/09/10T16:16:12.138Z, dur=0.000s from incoming record flowStartMilliseconds=1631290572138, flowEndMilliseconds=1631290572138
rwipfix2silk: 'input0001': Set sTime=2021/09/10T16:16:12.736Z, dur=0.000s from incoming record flowStartMilliseconds=1631290572736, flowEndMilliseconds=1631290572736
rwipfix2silk: 'input0001': Set sTime=2021/09/10T16:16:12.737Z, dur=0.000s from incoming record flowStartMilliseconds=1631290572737, flowEndMilliseconds=1631290572737
rwipfix2silk: 'input0001': Set sTime=2021/09/10T16:16:12.796Z, dur=0.000s from incoming record flowStartMilliseconds=1631290572796, flowEndMilliseconds=1631290572796
rwipfix2silk: 'input0001': Set sTime=2021/09/10T16:16:12.796Z, dur=0.000s from incoming record flowStartMilliseconds=1631290572796, flowEndMilliseconds=1631290572796
rwipfix2silk: 'input0001': Set sTime=2021/09/10T16:15:58.010Z, dur=15.002s from incoming record flowStartMilliseconds=1631290558010, flowEndMilliseconds=1631290573012
rwipfix2silk: 'input0001': Set sTime=2021/09/10T16:16:13.207Z, dur=0.000s from incoming record flowStartMilliseconds=1631290573207, flowEndMilliseconds=1631290573207
rwipfix2silk: 'input0001': Set sTime=2021/09/10T16:16:13.304Z, dur=0.000s from incoming record flowStartMilliseconds=1631290573304, flowEndMilliseconds=1631290573304
rwipfix2silk: 'input0001': Set sTime=2021/09/10T16:16:13.366Z, dur=0.000s from incoming record flowStartMilliseconds=1631290573366, flowEndMilliseconds=1631290573366
rwipfix2silk: 'input0001': Set sTime=2021/09/10T16:16:13.370Z, dur=0.000s from incoming record flowStartMilliseconds=1631290573370, flowEndMilliseconds=1631290573370
rwipfix2silk: 'input0001': Set sTime=2021/09/10T16:16:13.408Z, dur=0.000s from incoming record flowStartMilliseconds=1631290573408, flowEndMilliseconds=1631290573408
rwipfix2silk: 'input0001': Set sTime=2021/09/10T16:16:13.410Z, dur=0.000s from incoming record flowStartMilliseconds=1631290573410, flowEndMilliseconds=1631290573410
rwipfix2silk: 'input0001': Set sTime=2021/09/10T16:15:42.336Z, dur=31.112s from incoming record flowStartMilliseconds=1631290542336, flowEndMilliseconds=1631290573448
rwipfix2silk: 'input0001': Set sTime=2021/09/10T16:15:42.331Z, dur=31.123s from incoming record flowStartMilliseconds=1631290542331, flowEndMilliseconds=1631290573454
rwipfix2silk: 'input0001': Set sTime=2021/09/10T16:15:08.045Z, dur=65.505s from incoming record flowStartMilliseconds=1631290508045, flowEndMilliseconds=1631290573550
rwipfix2silk: 'input0001': Set sTime=2021/09/10T16:15:12.547Z, dur=62.001s from incoming record flowStartMilliseconds=1631290512547, flowEndMilliseconds=1631290574548
rwipfix2silk: 'input0001': Set sTime=2021/09/10T16:16:11.624Z, dur=3.003s from incoming record flowStartMilliseconds=1631290571624, flowEndMilliseconds=1631290574627
rwipfix2silk: 'input0001': Set sTime=2021/09/10T16:14:54.405Z, dur=80.464s from incoming record flowStartMilliseconds=1631290494405, flowEndMilliseconds=1631290574869
rwipfix2silk: 'input0001': Set sTime=2021/09/10T16:16:15.353Z, dur=0.004s from incoming record flowStartMilliseconds=1631290575353, flowEndMilliseconds=1631290575357
rwipfix2silk: 'input0001': Set sTime=2021/09/10T16:16:15.353Z, dur=0.005s from incoming record flowStartMilliseconds=1631290575353, flowEndMilliseconds=1631290575358
rwipfix2silk: 'input0001': Set sTime=2021/09/10T16:16:15.357Z, dur=0.002s from incoming record flowStartMilliseconds=1631290575357, flowEndMilliseconds=1631290575359
rwipfix2silk: 'input0001': Set sTime=2021/09/10T16:16:15.355Z, dur=0.006s from incoming record flowStartMilliseconds=1631290575355, flowEndMilliseconds=1631290575361
rwipfix2silk: 'input0001': Set sTime=2021/09/10T16:16:15.355Z, dur=0.007s from incoming record flowStartMilliseconds=1631290575355, flowEndMilliseconds=1631290575362
rwipfix2silk: 'input0001': Set sTime=2021/09/10T16:16:15.357Z, dur=0.006s from incoming record flowStartMilliseconds=1631290575357, flowEndMilliseconds=1631290575363
rwipfix2silk: 'input0001': Set sTime=2021/09/10T16:16:15.359Z, dur=0.005s from incoming record flowStartMilliseconds=1631290575359, flowEndMilliseconds=1631290575364
rwipfix2silk: 'input0001': Set sTime=2021/09/10T16:16:15.978Z, dur=0.000s from incoming record flowStartMilliseconds=1631290575978, flowEndMilliseconds=1631290575978
rwipfix2silk: 'input0001': Set sTime=2021/09/10T16:16:15.978Z, dur=0.000s from incoming record flowStartMilliseconds=1631290575978, flowEndMilliseconds=1631290575978
rwipfix2silk: 'input0001': Set sTime=2021/09/10T16:16:14.991Z, dur=1.000s from incoming record flowStartMilliseconds=1631290574991, flowEndMilliseconds=1631290575991
rwipfix2silk: 'input0001': Set sTime=2021/09/10T16:16:07.987Z, dur=8.027s from incoming record flowStartMilliseconds=1631290567987, flowEndMilliseconds=1631290576014
rwipfix2silk: 'input0001': Set sTime=2021/09/10T16:16:15.242Z, dur=1.000s from incoming record flowStartMilliseconds=1631290575242, flowEndMilliseconds=1631290576242
rwipfix2silk: 'input0001': Set sTime=2021/09/10T16:16:16.582Z, dur=0.000s from incoming record flowStartMilliseconds=1631290576582, flowEndMilliseconds=1631290576582
rwipfix2silk: 'input0001': Set sTime=2021/09/10T16:16:16.582Z, dur=0.000s from incoming record flowStartMilliseconds=1631290576582, flowEndMilliseconds=1631290576582
rwipfix2silk: 'input0001': Set sTime=2021/09/10T16:16:01.833Z, dur=15.001s from incoming record flowStartMilliseconds=1631290561833, flowEndMilliseconds=1631290576834
rwipfix2silk: 'input0001': Set sTime=2021/09/10T16:16:17.139Z, dur=0.000s from incoming record flowStartMilliseconds=1631290577139, flowEndMilliseconds=1631290577139
rwipfix2silk: 'input0001': Set sTime=2021/09/10T16:16:07.132Z, dur=10.008s from incoming record flowStartMilliseconds=1631290567132, flowEndMilliseconds=1631290577140
rwipfix2silk: 'input0001': Set sTime=2021/09/10T16:16:02.485Z, dur=15.000s from incoming record flowStartMilliseconds=1631290562485, flowEndMilliseconds=1631290577485
rwipfix2silk: 'input0001': Set sTime=2021/09/10T16:16:18.416Z, dur=0.000s from incoming record flowStartMilliseconds=1631290578416, flowEndMilliseconds=1631290578416
rwipfix2silk: 'input0001': Set sTime=2021/09/10T16:16:18.420Z, dur=0.000s from incoming record flowStartMilliseconds=1631290578420, flowEndMilliseconds=1631290578420
rwipfix2silk: 'input0001': Set sTime=2021/09/10T16:14:58.446Z, dur=80.472s from incoming record flowStartMilliseconds=1631290498446, flowEndMilliseconds=1631290578918
rwipfix2silk: 'input0001': Set sTime=2021/09/10T16:15:47.480Z, dur=31.500s from incoming record flowStartMilliseconds=1631290547480, flowEndMilliseconds=1631290578980
rwipfix2silk: 'input0001': Set sTime=2021/09/10T16:16:19.020Z, dur=0.011s from incoming record flowStartMilliseconds=1631290579020, flowEndMilliseconds=1631290579031
rwipfix2silk: 'input0001': Set sTime=2021/09/10T16:16:19.650Z, dur=0.000s from incoming record flowStartMilliseconds=1631290579650, flowEndMilliseconds=1631290579650
rwipfix2silk: 'input0001': Set sTime=2021/09/10T16:16:19.650Z, dur=0.000s from incoming record flowStartMilliseconds=1631290579650, flowEndMilliseconds=1631290579650
rwipfix2silk: 'input0001': Set sTime=2021/09/10T16:16:05.582Z, dur=15.000s from incoming record flowStartMilliseconds=1631290565582, flowEndMilliseconds=1631290580582
rwipfix2silk: 'input0001': Set sTime=2021/09/10T16:15:09.742Z, dur=70.840s from incoming record flowStartMilliseconds=1631290509742, flowEndMilliseconds=1631290580582
rwipfix2silk: 'input0001': Set sTime=2021/09/10T16:16:13.307Z, dur=8.006s from incoming record flowStartMilliseconds=1631290573307, flowEndMilliseconds=1631290581313
rwipfix2silk: 'input0001': Set sTime=2021/09/10T16:16:06.877Z, dur=14.998s from incoming record flowStartMilliseconds=1631290566877, flowEndMilliseconds=1631290581875
rwipfix2silk: 'input0001': Set sTime=2021/09/10T16:15:11.929Z, dur=70.111s from incoming record flowStartMilliseconds=1631290511929, flowEndMilliseconds=1631290582040
rwipfix2silk: 'input0001': Set sTime=2021/09/10T16:15:11.929Z, dur=70.111s from incoming record flowStartMilliseconds=1631290511929, flowEndMilliseconds=1631290582040
rwipfix2silk: 'input0001': Set sTime=2021/09/10T16:16:22.522Z, dur=0.003s from incoming record flowStartMilliseconds=1631290582522, flowEndMilliseconds=1631290582525
rwipfix2silk: 'input0001': Set sTime=2021/09/10T16:16:14.549Z, dur=8.017s from incoming record flowStartMilliseconds=1631290574549, flowEndMilliseconds=1631290582566
rwipfix2silk: 'input0001': Set sTime=2021/09/10T16:16:22.596Z, dur=0.001s from incoming record flowStartMilliseconds=1631290582596, flowEndMilliseconds=1631290582597
rwipfix2silk: 'input0001': Set sTime=2021/09/10T16:16:22.757Z, dur=0.000s from incoming record flowStartMilliseconds=1631290582757, flowEndMilliseconds=1631290582757
rwipfix2silk: 'input0001': Set sTime=2021/09/10T16:16:22.757Z, dur=0.000s from incoming record flowStartMilliseconds=1631290582757, flowEndMilliseconds=1631290582757
rwipfix2silk: 'input0001': Set sTime=2021/09/10T16:16:22.808Z, dur=0.000s from incoming record flowStartMilliseconds=1631290582808, flowEndMilliseconds=1631290582808
rwipfix2silk: 'input0001': Set sTime=2021/09/10T16:16:22.808Z, dur=0.000s from incoming record flowStartMilliseconds=1631290582808, flowEndMilliseconds=1631290582808
rwipfix2silk: 'input0001': Set sTime=2021/09/10T16:16:22.889Z, dur=0.000s from incoming record flowStartMilliseconds=1631290582889, flowEndMilliseconds=1631290582889
rwipfix2silk: 'input0001': Set sTime=2021/09/10T16:16:22.886Z, dur=0.013s from incoming record flowStartMilliseconds=1631290582886, flowEndMilliseconds=1631290582899
rwipfix2silk: 'input0001': Set sTime=2021/09/10T16:16:22.881Z, dur=0.026s from incoming record flowStartMilliseconds=1631290582881, flowEndMilliseconds=1631290582907
rwipfix2silk: 'input0001': Set sTime=2021/09/10T16:16:19.979Z, dur=3.004s from incoming record flowStartMilliseconds=1631290579979, flowEndMilliseconds=1631290582983
rwipfix2silk: 'input0001': Set sTime=2021/09/10T16:16:23.426Z, dur=0.000s from incoming record flowStartMilliseconds=1631290583426, flowEndMilliseconds=1631290583426
rwipfix2silk: 'input0001': Set sTime=2021/09/10T16:16:23.432Z, dur=0.000s from incoming record flowStartMilliseconds=1631290583432, flowEndMilliseconds=1631290583432
rwipfix2silk: 'input0001': Set sTime=2021/09/10T16:16:23.692Z, dur=0.000s from incoming record flowStartMilliseconds=1631290583692, flowEndMilliseconds=1631290583692
rwipfix2silk: 'input0001': Set sTime=2021/09/10T16:16:23.930Z, dur=0.000s from incoming record flowStartMilliseconds=1631290583930, flowEndMilliseconds=1631290583930
rwipfix2silk: 'input0001': Set sTime=2021/09/10T16:16:24.486Z, dur=0.000s from incoming record flowStartMilliseconds=1631290584486, flowEndMilliseconds=1631290584486
rwipfix2silk: 'input0001': Set sTime=2021/09/10T16:16:25.117Z, dur=0.000s from incoming record flowStartMilliseconds=1631290585117, flowEndMilliseconds=1631290585117
rwipfix2silk: 'input0001': Set sTime=2021/09/10T16:16:25.286Z, dur=0.000s from incoming record flowStartMilliseconds=1631290585286, flowEndMilliseconds=1631290585286
rwipfix2silk: 'input0001': Set sTime=2021/09/10T16:16:25.314Z, dur=0.100s from incoming record flowStartMilliseconds=1631290585314, flowEndMilliseconds=1631290585414
rwipfix2silk: 'input0001': Set sTime=2021/09/10T16:16:25.315Z, dur=0.099s from incoming record flowStartMilliseconds=1631290585315, flowEndMilliseconds=1631290585414
rwipfix2silk: 'input0001': Set sTime=2021/09/10T16:16:17.460Z, dur=8.032s from incoming record flowStartMilliseconds=1631290577460, flowEndMilliseconds=1631290585492
rwipfix2silk: 'input0001': Set sTime=2021/09/10T16:16:25.990Z, dur=0.000s from incoming record flowStartMilliseconds=1631290585990, flowEndMilliseconds=1631290585990
rwipfix2silk: 'input0001': Set sTime=2021/09/10T16:16:25.990Z, dur=0.000s from incoming record flowStartMilliseconds=1631290585990, flowEndMilliseconds=1631290585990
rwipfix2silk: 'input0001': Set sTime=2021/09/10T16:14:56.985Z, dur=89.050s from incoming record flowStartMilliseconds=1631290496985, flowEndMilliseconds=1631290586035
rwipfix2silk: 'input0001': Set sTime=2021/09/10T16:16:26.087Z, dur=0.000s from incoming record flowStartMilliseconds=1631290586087, flowEndMilliseconds=1631290586087
rwipfix2silk: 'input0001': Set sTime=2021/09/10T16:16:26.435Z, dur=0.010s from incoming record flowStartMilliseconds=1631290586435, flowEndMilliseconds=1631290586445
rwipfix2silk: 'input0001': Set sTime=2021/09/10T16:16:26.436Z, dur=0.011s from incoming record flowStartMilliseconds=1631290586436, flowEndMilliseconds=1631290586447
rwipfix2silk: 'input0001': Set sTime=2021/09/10T16:16:26.431Z, dur=0.021s from incoming record flowStartMilliseconds=1631290586431, flowEndMilliseconds=1631290586452
rwipfix2silk: 'input0001': Set sTime=2021/09/10T16:16:26.591Z, dur=0.000s from incoming record flowStartMilliseconds=1631290586591, flowEndMilliseconds=1631290586591
rwipfix2silk: 'input0001': Set sTime=2021/09/10T16:16:26.592Z, dur=0.000s from incoming record flowStartMilliseconds=1631290586592, flowEndMilliseconds=1631290586592
rwipfix2silk: 'input0001': Set sTime=2021/09/10T16:16:26.885Z, dur=0.000s from incoming record flowStartMilliseconds=1631290586885, flowEndMilliseconds=1631290586885
rwipfix2silk: 'input0001': Set sTime=2021/09/10T16:16:18.914Z, dur=8.013s from incoming record flowStartMilliseconds=1631290578914, flowEndMilliseconds=1631290586927
rwipfix2silk: 'input0001': Set sTime=2021/09/10T16:15:27.439Z, dur=60.003s from incoming record flowStartMilliseconds=1631290527439, flowEndMilliseconds=1631290587442
rwipfix2silk: 'input0001': Set sTime=2021/09/10T16:15:30.565Z, dur=57.000s from incoming record flowStartMilliseconds=1631290530565, flowEndMilliseconds=1631290587565
rwipfix2silk: 'input0001': Set sTime=2021/09/10T16:16:27.688Z, dur=0.000s from incoming record flowStartMilliseconds=1631290587688, flowEndMilliseconds=1631290587688
rwipfix2silk: 'input0001': Set sTime=2021/09/10T16:15:37.222Z, dur=50.470s from incoming record flowStartMilliseconds=1631290537222, flowEndMilliseconds=1631290587692
rwipfix2silk: 'input0001': Set sTime=2021/09/10T16:15:37.380Z, dur=50.341s from incoming record flowStartMilliseconds=1631290537380, flowEndMilliseconds=1631290587721
rwipfix2silk: 'input0001': Set sTime=2021/09/10T16:15:28.741Z, dur=59.101s from incoming record flowStartMilliseconds=1631290528741, flowEndMilliseconds=1631290587842
rwipfix2silk: 'input0001': Set sTime=2021/09/10T16:16:18.860Z, dur=9.010s from incoming record flowStartMilliseconds=1631290578860, flowEndMilliseconds=1631290587870
rwipfix2silk: 'input0001': Set sTime=2021/09/10T16:16:27.870Z, dur=0.000s from incoming record flowStartMilliseconds=1631290587870, flowEndMilliseconds=1631290587870
rwipfix2silk: 'input0001': Set sTime=2021/09/10T16:16:12.878Z, dur=15.003s from incoming record flowStartMilliseconds=1631290572878, flowEndMilliseconds=1631290587881
rwipfix2silk: 'input0001': Set sTime=2021/09/10T16:16:27.933Z, dur=0.008s from incoming record flowStartMilliseconds=1631290587933, flowEndMilliseconds=1631290587941
rwipfix2silk: 'input0001': Set sTime=2021/09/10T16:16:27.932Z, dur=0.013s from incoming record flowStartMilliseconds=1631290587932, flowEndMilliseconds=1631290587945
rwipfix2silk: 'input0001': Set sTime=2021/09/10T16:16:27.928Z, dur=0.020s from incoming record flowStartMilliseconds=1631290587928, flowEndMilliseconds=1631290587948
rwipfix2silk: 'input0001': Set sTime=2021/09/10T16:15:32.511Z, dur=55.503s from incoming record flowStartMilliseconds=1631290532511, flowEndMilliseconds=1631290588014
rwipfix2silk: 'input0001': Set sTime=2021/09/10T16:16:28.299Z, dur=0.000s from incoming record flowStartMilliseconds=1631290588299, flowEndMilliseconds=1631290588299
rwipfix2silk: 'input0001': Set sTime=2021/09/10T16:16:28.301Z, dur=0.000s from incoming record flowStartMilliseconds=1631290588301, flowEndMilliseconds=1631290588301
rwipfix2silk: 'input0001': Set sTime=2021/09/10T16:16:28.336Z, dur=0.001s from incoming record flowStartMilliseconds=1631290588336, flowEndMilliseconds=1631290588337
rwipfix2silk: 'input0001': Set sTime=2021/09/10T16:16:28.489Z, dur=0.000s from incoming record flowStartMilliseconds=1631290588489, flowEndMilliseconds=1631290588489
rwipfix2silk: 'input0001': Set sTime=2021/09/10T16:15:31.515Z, dur=57.003s from incoming record flowStartMilliseconds=1631290531515, flowEndMilliseconds=1631290588518
rwipfix2silk: 'input0001': Set sTime=2021/09/10T16:16:20.011Z, dur=9.016s from incoming record flowStartMilliseconds=1631290580011, flowEndMilliseconds=1631290589027
rwipfix2silk: 'input0001': Set sTime=2021/09/10T16:15:33.511Z, dur=55.516s from incoming record flowStartMilliseconds=1631290533511, flowEndMilliseconds=1631290589027
rwipfix2silk: 'input0001': Set sTime=2021/09/10T16:15:32.565Z, dur=56.500s from incoming record flowStartMilliseconds=1631290532565, flowEndMilliseconds=1631290589065
rwipfix2silk: 'input0001': Set sTime=2021/09/10T16:15:30.100Z, dur=59.058s from incoming record flowStartMilliseconds=1631290530100, flowEndMilliseconds=1631290589158
rwipfix2silk: 'input0001': Set sTime=2021/09/10T16:15:31.235Z, dur=58.004s from incoming record flowStartMilliseconds=1631290531235, flowEndMilliseconds=1631290589239
rwipfix2silk: 'input0001': Set sTime=2021/09/10T16:16:29.286Z, dur=0.000s from incoming record flowStartMilliseconds=1631290589286, flowEndMilliseconds=1631290589286
rwipfix2silk: 'input0001': Set sTime=2021/09/10T16:16:29.656Z, dur=0.000s from incoming record flowStartMilliseconds=1631290589656, flowEndMilliseconds=1631290589656
rwipfix2silk: 'input0001': Set sTime=2021/09/10T16:16:29.656Z, dur=0.000s from incoming record flowStartMilliseconds=1631290589656, flowEndMilliseconds=1631290589656
rwipfix2silk: 'input0001': Set sTime=2021/09/10T16:15:36.219Z, dur=53.510s from incoming record flowStartMilliseconds=1631290536219, flowEndMilliseconds=1631290589729
rwipfix2silk: 'input0001': Set sTime=2021/09/10T16:16:30.087Z, dur=0.000s from incoming record flowStartMilliseconds=1631290590087, flowEndMilliseconds=1631290590087
rwipfix2silk: 'input0001': Set sTime=2021/09/10T16:16:22.152Z, dur=8.029s from incoming record flowStartMilliseconds=1631290582152, flowEndMilliseconds=1631290590181
rwipfix2silk: 'input0001': Set sTime=2021/09/10T16:16:15.458Z, dur=15.000s from incoming record flowStartMilliseconds=1631290575458, flowEndMilliseconds=1631290590458
rwipfix2silk: 'input0001': Set sTime=2021/09/10T16:16:30.732Z, dur=0.008s from incoming record flowStartMilliseconds=1631290590732, flowEndMilliseconds=1631290590740
rwipfix2silk: 'input0001': Set sTime=2021/09/10T16:16:30.728Z, dur=0.023s from incoming record flowStartMilliseconds=1631290590728, flowEndMilliseconds=1631290590751
rwipfix2silk: 'input0001': Set sTime=2021/09/10T16:16:30.888Z, dur=0.000s from incoming record flowStartMilliseconds=1631290590888, flowEndMilliseconds=1631290590888
rwipfix2silk: 'input0001': Set sTime=2021/09/10T16:15:09.989Z, dur=80.943s from incoming record flowStartMilliseconds=1631290509989, flowEndMilliseconds=1631290590932
rwipfix2silk: 'input0001': Set sTime=2021/09/10T16:15:09.989Z, dur=80.943s from incoming record flowStartMilliseconds=1631290509989, flowEndMilliseconds=1631290590932
rwipfix2silk: 'input0001': Set sTime=2021/09/10T16:16:14.442Z, dur=16.490s from incoming record flowStartMilliseconds=1631290574442, flowEndMilliseconds=1631290590932
rwipfix2silk: 'input0001': Set sTime=2021/09/10T16:15:30.148Z, dur=61.501s from incoming record flowStartMilliseconds=1631290530148, flowEndMilliseconds=1631290591649
rwipfix2silk: 'input0001': Set sTime=2021/09/10T16:16:31.688Z, dur=0.000s from incoming record flowStartMilliseconds=1631290591688, flowEndMilliseconds=1631290591688
rwipfix2silk: 'input0001': Set sTime=2021/09/10T16:15:07.338Z, dur=84.392s from incoming record flowStartMilliseconds=1631290507338, flowEndMilliseconds=1631290591730
rwipfix2silk: 'input0001': Set sTime=2021/09/10T16:15:07.338Z, dur=84.392s from incoming record flowStartMilliseconds=1631290507338, flowEndMilliseconds=1631290591730
rwipfix2silk: 'input0001': Set sTime=2021/09/10T16:15:37.251Z, dur=54.481s from incoming record flowStartMilliseconds=1631290537251, flowEndMilliseconds=1631290591732
rwipfix2silk: 'input0001': Set sTime=2021/09/10T16:15:27.778Z, dur=64.301s from incoming record flowStartMilliseconds=1631290527778, flowEndMilliseconds=1631290592079
rwipfix2silk: 'input0001': Set sTime=2021/09/10T16:15:27.648Z, dur=64.500s from incoming record flowStartMilliseconds=1631290527648, flowEndMilliseconds=1631290592148
rwipfix2silk: 'input0001': Set sTime=2021/09/10T16:15:49.895Z, dur=42.257s from incoming record flowStartMilliseconds=1631290549895, flowEndMilliseconds=1631290592152
rwipfix2silk: 'input0001': Set sTime=2021/09/10T16:16:22.146Z, dur=10.010s from incoming record flowStartMilliseconds=1631290582146, flowEndMilliseconds=1631290592156
rwipfix2silk: 'input0001': Set sTime=2021/09/10T16:16:32.488Z, dur=0.000s from incoming record flowStartMilliseconds=1631290592488, flowEndMilliseconds=1631290592488
rwipfix2silk: 'input0001': Set sTime=2021/09/10T16:15:28.340Z, dur=64.242s from incoming record flowStartMilliseconds=1631290528340, flowEndMilliseconds=1631290592582
rwipfix2silk: 'input0001': Set sTime=2021/09/10T16:15:31.220Z, dur=61.500s from incoming record flowStartMilliseconds=1631290531220, flowEndMilliseconds=1631290592720
rwipfix2silk: 'input0001': Set sTime=2021/09/10T16:16:32.821Z, dur=0.000s from incoming record flowStartMilliseconds=1631290592821, flowEndMilliseconds=1631290592821
rwipfix2silk: 'input0001': Set sTime=2021/09/10T16:16:32.821Z, dur=0.000s from incoming record flowStartMilliseconds=1631290592821, flowEndMilliseconds=1631290592821
rwipfix2silk: 'input0001': Set sTime=2021/09/10T16:16:32.822Z, dur=0.000s from incoming record flowStartMilliseconds=1631290592822, flowEndMilliseconds=1631290592822
rwipfix2silk: 'input0001': Set sTime=2021/09/10T16:16:32.823Z, dur=0.000s from incoming record flowStartMilliseconds=1631290592823, flowEndMilliseconds=1631290592823
rwipfix2silk: 'input0001': Set sTime=2021/09/10T16:15:29.413Z, dur=64.007s from incoming record flowStartMilliseconds=1631290529413, flowEndMilliseconds=1631290593420
rwipfix2silk: 'input0001': Set sTime=2021/09/10T16:16:28.438Z, dur=5.005s from incoming record flowStartMilliseconds=1631290588438, flowEndMilliseconds=1631290593443
rwipfix2silk: 'input0001': Set sTime=2021/09/10T16:16:33.554Z, dur=0.003s from incoming record flowStartMilliseconds=1631290593554, flowEndMilliseconds=1631290593557
rwipfix2silk: 'input0001': Set sTime=2021/09/10T16:16:33.621Z, dur=0.003s from incoming record flowStartMilliseconds=1631290593621, flowEndMilliseconds=1631290593624
rwipfix2silk: 'input0001': Set sTime=2021/09/10T16:15:34.648Z, dur=59.000s from incoming record flowStartMilliseconds=1631290534648, flowEndMilliseconds=1631290593648
rwipfix2silk: 'input0001': Set sTime=2021/09/10T16:16:33.949Z, dur=0.003s from incoming record flowStartMilliseconds=1631290593949, flowEndMilliseconds=1631290593952
rwipfix2silk: 'input0001': Set sTime=2021/09/10T16:15:29.511Z, dur=64.513s from incoming record flowStartMilliseconds=1631290529511, flowEndMilliseconds=1631290594024
rwipfix2silk: 'input0001': Set sTime=2021/09/10T16:16:19.033Z, dur=15.001s from incoming record flowStartMilliseconds=1631290579033, flowEndMilliseconds=1631290594034
rwipfix2silk: 'input0001': Set sTime=2021/09/10T16:15:32.923Z, dur=61.495s from incoming record flowStartMilliseconds=1631290532923, flowEndMilliseconds=1631290594418
rwipfix2silk: 'input0001': Set sTime=2021/09/10T16:16:34.432Z, dur=0.000s from incoming record flowStartMilliseconds=1631290594432, flowEndMilliseconds=1631290594432
rwipfix2silk: 'input0001': Set sTime=2021/09/10T16:16:34.433Z, dur=0.000s from incoming record flowStartMilliseconds=1631290594433, flowEndMilliseconds=1631290594433
rwipfix2silk: 'input0001': Set sTime=2021/09/10T16:16:26.574Z, dur=8.030s from incoming record flowStartMilliseconds=1631290586574, flowEndMilliseconds=1631290594604
rwipfix2silk: 'input0001': Set sTime=2021/09/10T16:16:35.186Z, dur=0.000s from incoming record flowStartMilliseconds=1631290595186, flowEndMilliseconds=1631290595186
rwipfix2silk: 'input0001': Set sTime=2021/09/10T16:16:35.186Z, dur=0.000s from incoming record flowStartMilliseconds=1631290595186, flowEndMilliseconds=1631290595186
rwipfix2silk: 'input0001': Set sTime=2021/09/10T16:16:35.402Z, dur=0.000s from incoming record flowStartMilliseconds=1631290595402, flowEndMilliseconds=1631290595402
rwipfix2silk: 'input0001': Set sTime=2021/09/10T16:16:20.602Z, dur=15.001s from incoming record flowStartMilliseconds=1631290580602, flowEndMilliseconds=1631290595603
rwipfix2silk: 'input0001': Set sTime=2021/09/10T16:16:35.715Z, dur=0.000s from incoming record flowStartMilliseconds=1631290595715, flowEndMilliseconds=1631290595715
rwipfix2silk: 'input0001': Set sTime=2021/09/10T16:16:20.854Z, dur=15.001s from incoming record flowStartMilliseconds=1631290580854, flowEndMilliseconds=1631290595855
rwipfix2silk: 'input0001': Set sTime=2021/09/10T16:16:27.898Z, dur=8.025s from incoming record flowStartMilliseconds=1631290587898, flowEndMilliseconds=1631290595923
rwipfix2silk: 'input0001': Set sTime=2021/09/10T16:16:04.480Z, dur=31.499s from incoming record flowStartMilliseconds=1631290564480, flowEndMilliseconds=1631290595979
rwipfix2silk: 'input0001': Set sTime=2021/09/10T16:16:04.481Z, dur=31.498s from incoming record flowStartMilliseconds=1631290564481, flowEndMilliseconds=1631290595979
rwipfix2silk: 'input0001': Set sTime=2021/09/10T16:16:36.006Z, dur=0.000s from incoming record flowStartMilliseconds=1631290596006, flowEndMilliseconds=1631290596006
rwipfix2silk: 'input0001': Set sTime=2021/09/10T16:16:36.006Z, dur=0.000s from incoming record flowStartMilliseconds=1631290596006, flowEndMilliseconds=1631290596006
rwipfix2silk: 'input0001': Set sTime=2021/09/10T16:15:35.716Z, dur=60.503s from incoming record flowStartMilliseconds=1631290535716, flowEndMilliseconds=1631290596219
rwipfix2silk: 'input0001': Set sTime=2021/09/10T16:16:36.230Z, dur=0.000s from incoming record flowStartMilliseconds=1631290596230, flowEndMilliseconds=1631290596230
rwipfix2silk: 'input0001': Set sTime=2021/09/10T16:15:00.125Z, dur=96.170s from incoming record flowStartMilliseconds=1631290500125, flowEndMilliseconds=1631290596295
rwipfix2silk: 'input0001': Set sTime=2021/09/10T16:15:29.096Z, dur=67.201s from incoming record flowStartMilliseconds=1631290529096, flowEndMilliseconds=1631290596297
rwipfix2silk: 'input0001': Set sTime=2021/09/10T16:16:36.600Z, dur=0.000s from incoming record flowStartMilliseconds=1631290596600, flowEndMilliseconds=1631290596600
rwipfix2silk: 'input0001': Set sTime=2021/09/10T16:16:36.601Z, dur=0.000s from incoming record flowStartMilliseconds=1631290596601, flowEndMilliseconds=1631290596601
rwipfix2silk: 'input0001': Set sTime=2021/09/10T16:15:12.111Z, dur=85.055s from incoming record flowStartMilliseconds=1631290512111, flowEndMilliseconds=1631290597166
rwipfix2silk: 'input0001': Set sTime=2021/09/10T16:16:22.478Z, dur=15.000s from incoming record flowStartMilliseconds=1631290582478, flowEndMilliseconds=1631290597478
rwipfix2silk: 'input0001': Set sTime=2021/09/10T16:16:38.309Z, dur=0.000s from incoming record flowStartMilliseconds=1631290598309, flowEndMilliseconds=1631290598309
rwipfix2silk: 'input0001': Set sTime=2021/09/10T16:16:38.309Z, dur=0.000s from incoming record flowStartMilliseconds=1631290598309, flowEndMilliseconds=1631290598309
rwipfix2silk: 'input0001': Set sTime=2021/09/10T16:16:33.447Z, dur=5.005s from incoming record flowStartMilliseconds=1631290593447, flowEndMilliseconds=1631290598452
rwipfix2silk: 'input0001': Set sTime=2021/09/10T16:16:30.469Z, dur=8.016s from incoming record flowStartMilliseconds=1631290590469, flowEndMilliseconds=1631290598485
rwipfix2silk: 'input0001': Set sTime=2021/09/10T16:16:38.732Z, dur=0.002s from incoming record flowStartMilliseconds=1631290598732, flowEndMilliseconds=1631290598734
rwipfix2silk: 'input0001': Set sTime=2021/09/10T16:16:23.904Z, dur=15.003s from incoming record flowStartMilliseconds=1631290583904, flowEndMilliseconds=1631290598907
rwipfix2silk: 'input0001': Set sTime=2021/09/10T16:16:31.044Z, dur=8.042s from incoming record flowStartMilliseconds=1631290591044, flowEndMilliseconds=1631290599086
rwipfix2silk: 'input0001': Set sTime=2021/09/10T16:16:39.109Z, dur=0.003s from incoming record flowStartMilliseconds=1631290599109, flowEndMilliseconds=1631290599112
rwipfix2silk: 'input0001': Set sTime=2021/09/10T16:16:39.678Z, dur=0.000s from incoming record flowStartMilliseconds=1631290599678, flowEndMilliseconds=1631290599678
rwipfix2silk: 'input0001': Set sTime=2021/09/10T16:16:39.673Z, dur=0.011s from incoming record flowStartMilliseconds=1631290599673, flowEndMilliseconds=1631290599684
rwipfix2silk: 'input0001': Set sTime=2021/09/10T16:16:39.668Z, dur=0.017s from incoming record flowStartMilliseconds=1631290599668, flowEndMilliseconds=1631290599685
rwipfix2silk: 'input0001': Set sTime=2021/09/10T16:15:11.335Z, dur=88.700s from incoming record flowStartMilliseconds=1631290511335, flowEndMilliseconds=1631290600035
rwipfix2silk: 'input0001': Set sTime=2021/09/10T16:16:39.937Z, dur=0.109s from incoming record flowStartMilliseconds=1631290599937, flowEndMilliseconds=1631290600046
rwipfix2silk: 'input0001': Set sTime=2021/09/10T16:16:39.937Z, dur=0.109s from incoming record flowStartMilliseconds=1631290599937, flowEndMilliseconds=1631290600046
rwipfix2silk: 'input0001': Set sTime=2021/09/10T16:16:40.138Z, dur=0.008s from incoming record flowStartMilliseconds=1631290600138, flowEndMilliseconds=1631290600146
rwipfix2silk: 'input0001': Set sTime=2021/09/10T16:16:40.480Z, dur=0.000s from incoming record flowStartMilliseconds=1631290600480, flowEndMilliseconds=1631290600480
rwipfix2silk: 'input0001': Set sTime=2021/09/10T16:16:41.280Z, dur=0.000s from incoming record flowStartMilliseconds=1631290601280, flowEndMilliseconds=1631290601280
rwipfix2silk: 'input0001': Set sTime=2021/09/10T16:16:25.619Z, dur=16.149s from incoming record flowStartMilliseconds=1631290585619, flowEndMilliseconds=1631290601768
rwipfix2silk: 'input0001': Set sTime=2021/09/10T16:16:26.904Z, dur=15.001s from incoming record flowStartMilliseconds=1631290586904, flowEndMilliseconds=1631290601905
rwipfix2silk: 'input0001': Set sTime=2021/09/10T16:16:42.040Z, dur=0.000s from incoming record flowStartMilliseconds=1631290602040, flowEndMilliseconds=1631290602040
rwipfix2silk: 'input0001': Set sTime=2021/09/10T16:16:42.080Z, dur=0.000s from incoming record flowStartMilliseconds=1631290602080, flowEndMilliseconds=1631290602080
rwipfix2silk: 'input0001': Set sTime=2021/09/10T16:16:34.186Z, dur=8.036s from incoming record flowStartMilliseconds=1631290594186, flowEndMilliseconds=1631290602222
rwipfix2silk: 'input0001': Set sTime=2021/09/10T16:16:42.258Z, dur=0.000s from incoming record flowStartMilliseconds=1631290602258, flowEndMilliseconds=1631290602258
rwipfix2silk: 'input0001': Set sTime=2021/09/10T16:16:42.571Z, dur=0.000s from incoming record flowStartMilliseconds=1631290602571, flowEndMilliseconds=1631290602571
rwipfix2silk: 'input0001': Set sTime=2021/09/10T16:16:42.783Z, dur=0.000s from incoming record flowStartMilliseconds=1631290602783, flowEndMilliseconds=1631290602783
rwipfix2silk: 'input0001': Set sTime=2021/09/10T16:16:42.784Z, dur=0.000s from incoming record flowStartMilliseconds=1631290602784, flowEndMilliseconds=1631290602784
rwipfix2silk: 'input0001': Set sTime=2021/09/10T16:16:42.836Z, dur=0.000s from incoming record flowStartMilliseconds=1631290602836, flowEndMilliseconds=1631290602836
rwipfix2silk: 'input0001': Set sTime=2021/09/10T16:16:42.836Z, dur=0.000s from incoming record flowStartMilliseconds=1631290602836, flowEndMilliseconds=1631290602836
rwipfix2silk: 'input0001': Set sTime=2021/09/10T16:16:42.879Z, dur=0.000s from incoming record flowStartMilliseconds=1631290602879, flowEndMilliseconds=1631290602879
rwipfix2silk: 'input0001': Set sTime=2021/09/10T16:16:27.885Z, dur=15.000s from incoming record flowStartMilliseconds=1631290587885, flowEndMilliseconds=1631290602885
rwipfix2silk: 'input0001': Set sTime=2021/09/10T16:16:33.873Z, dur=9.020s from incoming record flowStartMilliseconds=1631290593873, flowEndMilliseconds=1631290602893
rwipfix2silk: 'input0001': Set sTime=2021/09/10T16:16:43.086Z, dur=0.000s from incoming record flowStartMilliseconds=1631290603086, flowEndMilliseconds=1631290603086
rwipfix2silk: 'input0001': Set sTime=2021/09/10T16:16:43.458Z, dur=0.000s from incoming record flowStartMilliseconds=1631290603458, flowEndMilliseconds=1631290603458
rwipfix2silk: 'input0001': Set sTime=2021/09/10T16:16:43.473Z, dur=0.000s from incoming record flowStartMilliseconds=1631290603473, flowEndMilliseconds=1631290603473
rwipfix2silk: 'input0001': Set sTime=2021/09/10T16:16:43.680Z, dur=0.000s from incoming record flowStartMilliseconds=1631290603680, flowEndMilliseconds=1631290603680
rwipfix2silk: 'input0001': Set sTime=2021/09/10T16:14:53.891Z, dur=110.014s from incoming record flowStartMilliseconds=1631290493891, flowEndMilliseconds=1631290603905
rwipfix2silk: 'input0001': Set sTime=2021/09/10T16:16:35.026Z, dur=9.006s from incoming record flowStartMilliseconds=1631290595026, flowEndMilliseconds=1631290604032
rwipfix2silk: 'input0001': Set sTime=2021/09/10T16:14:55.959Z, dur=108.135s from incoming record flowStartMilliseconds=1631290495959, flowEndMilliseconds=1631290604094
rwipfix2silk: 'input0001': Set sTime=2021/09/10T16:16:44.443Z, dur=0.000s from incoming record flowStartMilliseconds=1631290604443, flowEndMilliseconds=1631290604443
rwipfix2silk: 'input0001': Set sTime=2021/09/10T16:16:44.444Z, dur=0.000s from incoming record flowStartMilliseconds=1631290604444, flowEndMilliseconds=1631290604444
rwipfix2silk: 'input0001': Set sTime=2021/09/10T16:16:44.480Z, dur=0.000s from incoming record flowStartMilliseconds=1631290604480, flowEndMilliseconds=1631290604480
rwipfix2silk: 'input0001': Set sTime=2021/09/10T16:16:44.610Z, dur=0.014s from incoming record flowStartMilliseconds=1631290604610, flowEndMilliseconds=1631290604624
rwipfix2silk: 'input0001': Set sTime=2021/09/10T16:16:29.907Z, dur=15.001s from incoming record flowStartMilliseconds=1631290589907, flowEndMilliseconds=1631290604908
rwipfix2silk: 'input0001': Set sTime=2021/09/10T16:16:23.947Z, dur=20.999s from incoming record flowStartMilliseconds=1631290583947, flowEndMilliseconds=1631290604946
rwipfix2silk: 'input0001': Set sTime=2021/09/10T16:16:13.450Z, dur=31.498s from incoming record flowStartMilliseconds=1631290573450, flowEndMilliseconds=1631290604948
rwipfix2silk: 'input0001': Set sTime=2021/09/10T16:16:13.451Z, dur=31.499s from incoming record flowStartMilliseconds=1631290573451, flowEndMilliseconds=1631290604950
rwipfix2silk: 'input0001': Set sTime=2021/09/10T16:16:23.952Z, dur=21.000s from incoming record flowStartMilliseconds=1631290583952, flowEndMilliseconds=1631290604952
rwipfix2silk: 'input0001': Set sTime=2021/09/10T16:16:45.280Z, dur=0.000s from incoming record flowStartMilliseconds=1631290605280, flowEndMilliseconds=1631290605280
rwipfix2silk: 'input0001': Set sTime=2021/09/10T16:16:45.291Z, dur=0.000s from incoming record flowStartMilliseconds=1631290605291, flowEndMilliseconds=1631290605291
rwipfix2silk: 'input0001': Set sTime=2021/09/10T16:16:45.353Z, dur=0.006s from incoming record flowStartMilliseconds=1631290605353, flowEndMilliseconds=1631290605359
rwipfix2silk: 'input0001': Set sTime=2021/09/10T16:16:45.354Z, dur=0.006s from incoming record flowStartMilliseconds=1631290605354, flowEndMilliseconds=1631290605360
rwipfix2silk: 'input0001': Set sTime=2021/09/10T16:16:45.355Z, dur=0.006s from incoming record flowStartMilliseconds=1631290605355, flowEndMilliseconds=1631290605361
rwipfix2silk: 'input0001': Set sTime=2021/09/10T16:16:45.357Z, dur=0.004s from incoming record flowStartMilliseconds=1631290605357, flowEndMilliseconds=1631290605361
rwipfix2silk: 'input0001': Set sTime=2021/09/10T16:16:45.355Z, dur=0.007s from incoming record flowStartMilliseconds=1631290605355, flowEndMilliseconds=1631290605362
rwipfix2silk: 'input0001': Set sTime=2021/09/10T16:16:45.357Z, dur=0.008s from incoming record flowStartMilliseconds=1631290605357, flowEndMilliseconds=1631290605365
rwipfix2silk: 'input0001': Set sTime=2021/09/10T16:16:45.358Z, dur=0.008s from incoming record flowStartMilliseconds=1631290605358, flowEndMilliseconds=1631290605366
rwipfix2silk: 'input0001': Set sTime=2021/09/10T16:16:45.423Z, dur=0.004s from incoming record flowStartMilliseconds=1631290605423, flowEndMilliseconds=1631290605427
rwipfix2silk: 'input0001': Set sTime=2021/09/10T16:16:38.773Z, dur=7.034s from incoming record flowStartMilliseconds=1631290598773, flowEndMilliseconds=1631290605807
rwipfix2silk: 'input0001': Set sTime=2021/09/10T16:16:46.018Z, dur=0.000s from incoming record flowStartMilliseconds=1631290606018, flowEndMilliseconds=1631290606018
rwipfix2silk: 'input0001': Set sTime=2021/09/10T16:16:46.018Z, dur=0.000s from incoming record flowStartMilliseconds=1631290606018, flowEndMilliseconds=1631290606018
rwipfix2silk: 'input0001': Set sTime=2021/09/10T16:16:46.077Z, dur=0.000s from incoming record flowStartMilliseconds=1631290606077, flowEndMilliseconds=1631290606077
rwipfix2silk: 'input0001': Set sTime=2021/09/10T16:16:46.610Z, dur=0.000s from incoming record flowStartMilliseconds=1631290606610, flowEndMilliseconds=1631290606610
rwipfix2silk: 'input0001': Set sTime=2021/09/10T16:16:46.610Z, dur=0.000s from incoming record flowStartMilliseconds=1631290606610, flowEndMilliseconds=1631290606610
rwipfix2silk: 'input0001': Set sTime=2021/09/10T16:16:46.881Z, dur=0.000s from incoming record flowStartMilliseconds=1631290606881, flowEndMilliseconds=1631290606881
rwipfix2silk: 'input0001': Set sTime=2021/09/10T16:14:53.958Z, dur=113.000s from incoming record flowStartMilliseconds=1631290493958, flowEndMilliseconds=1631290606958
rwipfix2silk: 'input0001': Set sTime=2021/09/10T16:16:40.147Z, dur=7.000s from incoming record flowStartMilliseconds=1631290600147, flowEndMilliseconds=1631290607147
rwipfix2silk: 'input0001': Set sTime=2021/09/10T16:15:10.503Z, dur=96.843s from incoming record flowStartMilliseconds=1631290510503, flowEndMilliseconds=1631290607346
rwipfix2silk: 'input0001': Set sTime=2021/09/10T16:15:10.503Z, dur=96.843s from incoming record flowStartMilliseconds=1631290510503, flowEndMilliseconds=1631290607346
rwipfix2silk: 'input0001': Set sTime=2021/09/10T16:16:47.682Z, dur=0.000s from incoming record flowStartMilliseconds=1631290607682, flowEndMilliseconds=1631290607682
rwipfix2silk: 'input0001': Set sTime=2021/09/10T16:16:48.480Z, dur=0.000s from incoming record flowStartMilliseconds=1631290608480, flowEndMilliseconds=1631290608480
rwipfix2silk: 'input0001': Set sTime=2021/09/10T16:14:58.284Z, dur=110.202s from incoming record flowStartMilliseconds=1631290498284, flowEndMilliseconds=1631290608486
rwipfix2silk: 'input0001': Set sTime=2021/09/10T16:16:48.486Z, dur=0.000s from incoming record flowStartMilliseconds=1631290608486, flowEndMilliseconds=1631290608486
rwipfix2silk: 'input0001': Set sTime=2021/09/10T16:16:48.497Z, dur=0.000s from incoming record flowStartMilliseconds=1631290608497, flowEndMilliseconds=1631290608497
rwipfix2silk: 'input0001': Set sTime=2021/09/10T16:16:48.887Z, dur=0.000s from incoming record flowStartMilliseconds=1631290608887, flowEndMilliseconds=1631290608887
rwipfix2silk: 'input0001': Set sTime=2021/09/10T16:16:33.886Z, dur=15.002s from incoming record flowStartMilliseconds=1631290593886, flowEndMilliseconds=1631290608888
rwipfix2silk: 'input0001': Set sTime=2021/09/10T16:16:49.296Z, dur=0.000s from incoming record flowStartMilliseconds=1631290609296, flowEndMilliseconds=1631290609296
rwipfix2silk: 'input0001': Set sTime=2021/09/10T16:16:49.316Z, dur=0.000s from incoming record flowStartMilliseconds=1631290609316, flowEndMilliseconds=1631290609316
rwipfix2silk: 'input0001': Set sTime=2021/09/10T16:16:49.317Z, dur=0.000s from incoming record flowStartMilliseconds=1631290609317, flowEndMilliseconds=1631290609317
rwipfix2silk: 'input0001': Set sTime=2021/09/10T16:14:52.384Z, dur=117.053s from incoming record flowStartMilliseconds=1631290492384, flowEndMilliseconds=1631290609437
rwipfix2silk: 'input0001': Set sTime=2021/09/10T16:16:42.486Z, dur=7.000s from incoming record flowStartMilliseconds=1631290602486, flowEndMilliseconds=1631290609486
rwipfix2silk: 'input0001': Set sTime=2021/09/10T16:14:53.059Z, dur=117.081s from incoming record flowStartMilliseconds=1631290493059, flowEndMilliseconds=1631290610140
rwipfix2silk: 'input0001': Set sTime=2021/09/10T16:16:29.480Z, dur=21.000s from incoming record flowStartMilliseconds=1631290589480, flowEndMilliseconds=1631290610480
rwipfix2silk: 'input0001': Set sTime=2021/09/10T16:14:52.629Z, dur=117.853s from incoming record flowStartMilliseconds=1631290492629, flowEndMilliseconds=1631290610482
rwipfix2silk: 'input0001': Set sTime=2021/09/10T16:14:55.523Z, dur=115.002s from incoming record flowStartMilliseconds=1631290495523, flowEndMilliseconds=1631290610525
rwipfix2silk: 'input0001': Set sTime=2021/09/10T16:16:42.519Z, dur=8.027s from incoming record flowStartMilliseconds=1631290602519, flowEndMilliseconds=1631290610546
rwipfix2silk: 'input0001': Set sTime=2021/09/10T16:16:48.754Z, dur=2.018s from incoming record flowStartMilliseconds=1631290608754, flowEndMilliseconds=1631290610772
rwipfix2silk: 'input0001': Set sTime=2021/09/10T16:16:48.055Z, dur=3.002s from incoming record flowStartMilliseconds=1631290608055, flowEndMilliseconds=1631290611057
rwipfix2silk: 'input0001': Set sTime=2021/09/10T16:16:43.088Z, dur=8.033s from incoming record flowStartMilliseconds=1631290603088, flowEndMilliseconds=1631290611121
rwipfix2silk: 'input0001': Set sTime=2021/09/10T16:16:44.265Z, dur=7.024s from incoming record flowStartMilliseconds=1631290604265, flowEndMilliseconds=1631290611289
rwipfix2silk: 'input0001': Set sTime=2021/09/10T16:16:36.458Z, dur=14.999s from incoming record flowStartMilliseconds=1631290596458, flowEndMilliseconds=1631290611457
rwipfix2silk: 'input0001': Set sTime=2021/09/10T16:14:54.259Z, dur=117.289s from incoming record flowStartMilliseconds=1631290494259, flowEndMilliseconds=1631290611548
rwipfix2silk: 'input0001': Set sTime=2021/09/10T16:14:52.985Z, dur=118.564s from incoming record flowStartMilliseconds=1631290492985, flowEndMilliseconds=1631290611549
rwipfix2silk: 'input0001': Set sTime=2021/09/10T16:14:54.260Z, dur=117.291s from incoming record flowStartMilliseconds=1631290494260, flowEndMilliseconds=1631290611551
rwipfix2silk: 'input0001': Set sTime=2021/09/10T16:14:54.260Z, dur=117.291s from incoming record flowStartMilliseconds=1631290494260, flowEndMilliseconds=1631290611551
rwipfix2silk: 'input0001': Set sTime=2021/09/10T16:16:44.626Z, dur=7.006s from incoming record flowStartMilliseconds=1631290604626, flowEndMilliseconds=1631290611632
rwipfix2silk: 'input0001': Set sTime=2021/09/10T16:14:53.158Z, dur=118.475s from incoming record flowStartMilliseconds=1631290493158, flowEndMilliseconds=1631290611633
rwipfix2silk: 'input0001': Set sTime=2021/09/10T16:14:58.129Z, dur=113.536s from incoming record flowStartMilliseconds=1631290498129, flowEndMilliseconds=1631290611665
rwipfix2silk: 'input0001': Set sTime=2021/09/10T16:16:48.656Z, dur=3.017s from incoming record flowStartMilliseconds=1631290608656, flowEndMilliseconds=1631290611673
rwipfix2silk: 'input0001': Set sTime=2021/09/10T16:16:48.888Z, dur=3.000s from incoming record flowStartMilliseconds=1631290608888, flowEndMilliseconds=1631290611888
rwipfix2silk: 'input0001': Set sTime=2021/09/10T16:15:10.856Z, dur=101.033s from incoming record flowStartMilliseconds=1631290510856, flowEndMilliseconds=1631290611889
rwipfix2silk: 'input0001': Set sTime=2021/09/10T16:16:44.908Z, dur=7.000s from incoming record flowStartMilliseconds=1631290604908, flowEndMilliseconds=1631290611908
rwipfix2silk: 'input0001': Set sTime=2021/09/10T16:14:52.968Z, dur=119.055s from incoming record flowStartMilliseconds=1631290492968, flowEndMilliseconds=1631290612023
rwipfix2silk: 'input0001': Set sTime=2021/09/10T16:15:52.112Z, dur=60.001s from incoming record flowStartMilliseconds=1631290552112, flowEndMilliseconds=1631290612113
rwipfix2silk: 'input0001': Set sTime=2021/09/10T16:16:42.167Z, dur=10.011s from incoming record flowStartMilliseconds=1631290602167, flowEndMilliseconds=1631290612178
rwipfix2silk: 'input0001': Set sTime=2021/09/10T16:14:52.832Z, dur=119.442s from incoming record flowStartMilliseconds=1631290492832, flowEndMilliseconds=1631290612274
rwipfix2silk: 'input0001': Set sTime=2021/09/10T16:14:52.798Z, dur=119.476s from incoming record flowStartMilliseconds=1631290492798, flowEndMilliseconds=1631290612274
rwipfix2silk: 'input0001': Set sTime=2021/09/10T16:14:52.798Z, dur=119.476s from incoming record flowStartMilliseconds=1631290492798, flowEndMilliseconds=1631290612274
rwipfix2silk: 'input0001': Set sTime=2021/09/10T16:14:52.343Z, dur=119.986s from incoming record flowStartMilliseconds=1631290492343, flowEndMilliseconds=1631290612329
rwipfix2silk: 'input0001': Set sTime=2021/09/10T16:14:52.337Z, dur=120.011s from incoming record flowStartMilliseconds=1631290492337, flowEndMilliseconds=1631290612348
rwipfix2silk: 'input0001': Set sTime=2021/09/10T16:14:52.446Z, dur=120.129s from incoming record flowStartMilliseconds=1631290492446, flowEndMilliseconds=1631290612575
rwipfix2silk: 'input0001': Set sTime=2021/09/10T16:14:52.447Z, dur=120.130s from incoming record flowStartMilliseconds=1631290492447, flowEndMilliseconds=1631290612577
rwipfix2silk: 'input0001': Set sTime=2021/09/10T16:14:52.531Z, dur=120.064s from incoming record flowStartMilliseconds=1631290492531, flowEndMilliseconds=1631290612595
rwipfix2silk: 'input0001': Set sTime=2021/09/10T16:14:52.337Z, dur=120.395s from incoming record flowStartMilliseconds=1631290492337, flowEndMilliseconds=1631290612732
rwipfix2silk: 'input0001': Set sTime=2021/09/10T16:14:52.437Z, dur=120.299s from incoming record flowStartMilliseconds=1631290492437, flowEndMilliseconds=1631290612736
rwipfix2silk: 'input0001': Set sTime=2021/09/10T16:14:52.734Z, dur=120.002s from incoming record flowStartMilliseconds=1631290492734, flowEndMilliseconds=1631290612736
rwipfix2silk: 'input0001': Set sTime=2021/09/10T16:14:52.734Z, dur=120.003s from incoming record flowStartMilliseconds=1631290492734, flowEndMilliseconds=1631290612737
rwipfix2silk: 'input0001': Set sTime=2021/09/10T16:14:52.735Z, dur=120.004s from incoming record flowStartMilliseconds=1631290492735, flowEndMilliseconds=1631290612739
rwipfix2silk: 'input0001': Set sTime=2021/09/10T16:14:52.343Z, dur=120.400s from incoming record flowStartMilliseconds=1631290492343, flowEndMilliseconds=1631290612743
rwipfix2silk: 'input0001': Set sTime=2021/09/10T16:14:52.734Z, dur=120.010s from incoming record flowStartMilliseconds=1631290492734, flowEndMilliseconds=1631290612744
rwipfix2silk: 'input0001': Set sTime=2021/09/10T16:14:52.320Z, dur=120.424s from incoming record flowStartMilliseconds=1631290492320, flowEndMilliseconds=1631290612744
rwipfix2silk: 'input0001': Set sTime=2021/09/10T16:14:52.314Z, dur=120.431s from incoming record flowStartMilliseconds=1631290492314, flowEndMilliseconds=1631290612745
rwipfix2silk: 'input0001': Set sTime=2021/09/10T16:14:52.735Z, dur=120.012s from incoming record flowStartMilliseconds=1631290492735, flowEndMilliseconds=1631290612747
rwipfix2silk: 'input0001': Got a yaf stats record
rwipfix2silk: 'input0001': Received Tombstone record: observationDomain:0, exporterId:0:19, tombstoneId: 0; process: yaf, time: 2025/10/21T14:10:08Z
rwipfix2silk: 'input0001': forward 774, reverse 151, ignored 0; yaf: recs 774, pkts 208818, dropped-pkts 0, ignored-pkts 8269, bad-sequence-pkts 1, expired-frags 0
rwipfix2silk: 'input0001': Processing template 0xc018 (49176), domain 0, with the ignore template
rwipfix2silk: 'input0001': Contents of template 0xc018 (49176), domain 0, 2 elements: payload(6871/18)[65535], reversePayload(6871/16402)[65535]
rwipfix2silk: 'input0001': Processing template 0xd005 (53253), domain 0, with the tombstone access template
rwipfix2silk: 'input0001': Contents of template 0xd005 (53253), domain 0, 2 elements: certToolId(6871/553)[4], observationTimeSeconds(322)[4]
rwipfix2silk: 'input0001': Processing template 0xc013 (49171), domain 0, with the YAF TCP flags list template
rwipfix2silk: 'input0001': Contents of template 0xc013 (49171), domain 0, 6 elements: tcpSequenceNumber(184)[4], initialTCPFlags(6871/14)[1], unionTCPFlags(6871/15)[1], reverseInitialTCPFlags(6871/16398)[1], reverseUnionTCPFlags(6871/16399)[1], reverseTcpSequenceNumber(29305/184)[4]
rwipfix2silk: 'input0001': Processing template 0xc012 (49170), domain 0, with the ignore template
rwipfix2silk: 'input0001': Contents of template 0xc012 (49170), domain 0, 2 elements: payloadEntropy(6871/35)[1], reversePayloadEntropy(6871/16419)[1]
rwipfix2silk: 'input0001': Processing options template 0xd004 (53252), domain 0, with the tombstone template
rwipfix2silk: 'input0001': Contents of options template 0xd004 (53252), domain 0, 7 elements: observationDomainId(149)[4]{scope}, exportingProcessId(144)[4]{scope}, exporterConfiguredId(6871/551)[2]{scope}, paddingOctets(210)[6], tombstoneId(6871/550)[4], observationTimeSeconds(322)[4], tombstoneAccessList(6871/554)[65535]
rwipfix2silk: 'input0001': Processing options template 0xd003 (53251), domain 0, with the YAFstats template
rwipfix2silk: 'input0001': Contents of options template 0xd003 (53251), domain 0, 16 elements: observationDomainId(149)[4]{scope}, exportingProcessId(144)[4]{scope}, exporterIPv4Address(130)[4]{scope}, observationTimeSeconds(322)[4], systemInitTimeMilliseconds(160)[8], exportedFlowRecordTotalCount(42)[8], packetTotalCount(86)[8], droppedPacketTotalCount(135)[8], ignoredPacketTotalCount(164)[8], notSentPacketTotalCount(167)[8], expiredFragmentCount(6871/100)[4], assembledFragmentCount(6871/101)[4], flowTableFlushEventCount(6871/104)[4], flowTablePeakCount(6871/105)[4], meanFlowRate(6871/102)[4], meanPacketRate(6871/103)[4]
rwipfix2silk: 'input0001': Processing template 0xc005 (49157), domain 0, with the ignore template
rwipfix2silk: 'input0001': Contents of template 0xc005 (49157), domain 0, 11 elements: dataByteCount(6871/502)[8], averageInterarrivalTime(6871/503)[8], standardDeviationInterarrivalTime(6871/504)[8], tcpUrgTotalCount(223)[4], smallPacketCount(6871/500)[4], nonEmptyPacketCount(6871/501)[4], largePacketCount(6871/510)[4], firstNonEmptyPacketSize(6871/505)[2], maxPacketSize(6871/506)[2], standardDeviationPayloadLength(6871/508)[2], firstEightNonEmptyPacketDirections(6871/507)[1]
rwipfix2silk: 'input0001': Processing template 0xc003 (49155), domain 0, with the YAF TCP flags list template
rwipfix2silk: 'input0001': Contents of template 0xc003 (49155), domain 0, 3 elements: tcpSequenceNumber(184)[4], initialTCPFlags(6871/14)[1], unionTCPFlags(6871/15)[1]
rwipfix2silk: 'input0001': Processing template 0xc004 (49156), domain 0, with the ignore template
rwipfix2silk: 'input0001': Contents of template 0xc004 (49156), domain 0, 2 elements: sourceMacAddress(56)[6], destinationMacAddress(80)[6]
rwipfix2silk: 'input0001': Processing template 0xc002 (49154), domain 0, with the ignore template
rwipfix2silk: 'input0001': Contents of template 0xc002 (49154), domain 0, 1 elements: payloadEntropy(6871/35)[1]
rwipfix2silk: 'input0001': Processing template 0xc015 (49173), domain 0, with the ignore template
rwipfix2silk: 'input0001': Contents of template 0xc015 (49173), domain 0, 23 elements: dataByteCount(6871/502)[8], averageInterarrivalTime(6871/503)[8], standardDeviationInterarrivalTime(6871/504)[8], tcpUrgTotalCount(223)[4], smallPacketCount(6871/500)[4], nonEmptyPacketCount(6871/501)[4], largePacketCount(6871/510)[4], firstNonEmptyPacketSize(6871/505)[2], maxPacketSize(6871/506)[2], standardDeviationPayloadLength(6871/508)[2], firstEightNonEmptyPacketDirections(6871/507)[1], paddingOctets(210)[1], reverseDataByteCount(6871/16886)[8], reverseAverageInterarrivalTime(6871/16887)[8], reverseStandardDeviationInterarrivalTime(6871/16888)[8], reverseTcpUrgTotalCount(29305/223)[4], reverseSmallPacketCount(6871/16884)[4], reverseNonEmptyPacketCount(6871/16885)[4], reverseLargePacketCount(6871/16894)[4], reverseFirstNonEmptyPacketSize(6871/16889)[2], reverseMaxPacketSize(6871/16890)[2], reverseStandardDeviationPayloadLength(6871/16892)[2], paddingOctets(210)[2]
rwipfix2silk: 'input0001': Processing template 0xc009 (49161), domain 0, with the ignore template
rwipfix2silk: 'input0001': Contents of template 0xc009 (49161), domain 0, 5 elements: mptcpInitialDataSequenceNumber(6871/289)[8], mptcpReceiverToken(6871/290)[4], mptcpMaximumSegmentSize(6871/291)[2], mptcpAddressID(6871/292)[1], mptcpFlags(6871/293)[1]
rwipfix2silk: 'input0001': Processing template 0xc008 (49160), domain 0, with the ignore template
rwipfix2silk: 'input0001': Contents of template 0xc008 (49160), domain 0, 1 elements: payload(6871/18)[65535]
rwipfix2silk: 'input0001': Processing template 0xb331 (45873), domain 0, with the YAF template
rwipfix2silk: 'input0001': Contents of template 0xb331 (45873), domain 0, 27 elements: flowStartMilliseconds(152)[8], flowEndMilliseconds(153)[8], octetTotalCount(85)[4], reverseOctetTotalCount(29305/85)[4], packetTotalCount(86)[4], reversePacketTotalCount(29305/86)[4], sourceIPv4Address(8)[4], destinationIPv4Address(12)[4], sourceTransportPort(7)[2], destinationTransportPort(11)[2], flowAttributes(6871/40)[2], reverseFlowAttributes(6871/16424)[2], protocolIdentifier(4)[1], flowEndReason(136)[1], silkAppLabel(6871/33)[2], reverseFlowDeltaMilliseconds(6871/21)[4], tcpSequenceNumber(184)[4], reverseTcpSequenceNumber(29305/184)[4], initialTCPFlags(6871/14)[1], unionTCPFlags(6871/15)[1], reverseInitialTCPFlags(6871/16398)[1], reverseUnionTCPFlags(6871/16399)[1], vlanId(58)[2], reverseVlanId(29305/58)[2], ipClassOfService(5)[1], reverseIpClassOfService(29305/5)[1], subTemplateMultiList(293)[65535]
rwipfix2silk: 'input0001': Set sTime=2021/09/10T16:14:56.488Z, dur=0.001s from incoming record flowStartMilliseconds=1631290496488, flowEndMilliseconds=1631290496489
rwipfix2silk: 'input0001': Set sTime=2021/09/10T16:14:57.232Z, dur=0.131s from incoming record flowStartMilliseconds=1631290497232, flowEndMilliseconds=1631290497363
rwipfix2silk: 'input0001': Set sTime=2021/09/10T16:14:59.066Z, dur=0.191s from incoming record flowStartMilliseconds=1631290499066, flowEndMilliseconds=1631290499257
rwipfix2silk: 'input0001': Set sTime=2021/09/10T16:15:00.944Z, dur=0.024s from incoming record flowStartMilliseconds=1631290500944, flowEndMilliseconds=1631290500968
rwipfix2silk: 'input0001': Set sTime=2021/09/10T16:15:07.411Z, dur=0.001s from incoming record flowStartMilliseconds=1631290507411, flowEndMilliseconds=1631290507412
rwipfix2silk: 'input0001': Processing template 0xb321 (45857), domain 0, with the YAF template
rwipfix2silk: 'input0001': Contents of template 0xb321 (45857), domain 0, 18 elements: flowStartMilliseconds(152)[8], flowEndMilliseconds(153)[8], octetTotalCount(85)[4], packetTotalCount(86)[4], sourceIPv4Address(8)[4], destinationIPv4Address(12)[4], sourceTransportPort(7)[2], destinationTransportPort(11)[2], flowAttributes(6871/40)[2], protocolIdentifier(4)[1], flowEndReason(136)[1], silkAppLabel(6871/33)[2], tcpSequenceNumber(184)[4], initialTCPFlags(6871/14)[1], unionTCPFlags(6871/15)[1], vlanId(58)[2], ipClassOfService(5)[1], subTemplateMultiList(293)[65535]
rwipfix2silk: 'input0001': Set sTime=2021/09/10T16:15:07.412Z, dur=0.000s from incoming record flowStartMilliseconds=1631290507412, flowEndMilliseconds=1631290507412
rwipfix2silk: 'input0001': Set sTime=2021/09/10T16:15:07.407Z, dur=0.712s from incoming record flowStartMilliseconds=1631290507407, flowEndMilliseconds=1631290508119
rwipfix2silk: 'input0001': Set sTime=2021/09/10T16:15:08.119Z, dur=0.000s from incoming record flowStartMilliseconds=1631290508119, flowEndMilliseconds=1631290508119
rwipfix2silk: 'input0001': Set sTime=2021/09/10T16:15:10.036Z, dur=0.187s from incoming record flowStartMilliseconds=1631290510036, flowEndMilliseconds=1631290510223
rwipfix2silk: 'input0001': Set sTime=2021/09/10T16:15:16.488Z, dur=0.001s from incoming record flowStartMilliseconds=1631290516488, flowEndMilliseconds=1631290516489
rwipfix2silk: 'input0001': Set sTime=2021/09/10T16:15:26.751Z, dur=0.024s from incoming record flowStartMilliseconds=1631290526751, flowEndMilliseconds=1631290526775
rwipfix2silk: 'input0001': Set sTime=2021/09/10T16:15:33.025Z, dur=0.056s from incoming record flowStartMilliseconds=1631290533025, flowEndMilliseconds=1631290533081
rwipfix2silk: 'input0001': Set sTime=2021/09/10T16:15:33.081Z, dur=0.001s from incoming record flowStartMilliseconds=1631290533081, flowEndMilliseconds=1631290533082
rwipfix2silk: 'input0001': Set sTime=2021/09/10T16:15:33.082Z, dur=0.000s from incoming record flowStartMilliseconds=1631290533082, flowEndMilliseconds=1631290533082
rwipfix2silk: 'input0001': Set sTime=2021/09/10T16:15:35.641Z, dur=0.192s from incoming record flowStartMilliseconds=1631290535641, flowEndMilliseconds=1631290535833
rwipfix2silk: 'input0001': Set sTime=2021/09/10T16:15:39.248Z, dur=0.068s from incoming record flowStartMilliseconds=1631290539248, flowEndMilliseconds=1631290539316
rwipfix2silk: 'input0001': Set sTime=2021/09/10T16:15:39.550Z, dur=0.009s from incoming record flowStartMilliseconds=1631290539550, flowEndMilliseconds=1631290539559
rwipfix2silk: 'input0001': Set sTime=2021/09/10T16:15:39.549Z, dur=0.010s from incoming record flowStartMilliseconds=1631290539549, flowEndMilliseconds=1631290539559
rwipfix2silk: 'input0001': Set sTime=2021/09/10T16:15:39.723Z, dur=0.000s from incoming record flowStartMilliseconds=1631290539723, flowEndMilliseconds=1631290539723
rwipfix2silk: 'input0001': Set sTime=2021/09/10T16:15:39.723Z, dur=0.000s from incoming record flowStartMilliseconds=1631290539723, flowEndMilliseconds=1631290539723
rwipfix2silk: 'input0001': Set sTime=2021/09/10T16:15:39.838Z, dur=0.000s from incoming record flowStartMilliseconds=1631290539838, flowEndMilliseconds=1631290539838
rwipfix2silk: 'input0001': Set sTime=2021/09/10T16:15:39.838Z, dur=0.000s from incoming record flowStartMilliseconds=1631290539838, flowEndMilliseconds=1631290539838
rwipfix2silk: 'input0001': Set sTime=2021/09/10T16:15:48.572Z, dur=0.001s from incoming record flowStartMilliseconds=1631290548572, flowEndMilliseconds=1631290548573
rwipfix2silk: 'input0001': Set sTime=2021/09/10T16:15:48.573Z, dur=0.000s from incoming record flowStartMilliseconds=1631290548573, flowEndMilliseconds=1631290548573
rwipfix2silk: 'input0001': Set sTime=2021/09/10T16:15:49.222Z, dur=0.291s from incoming record flowStartMilliseconds=1631290549222, flowEndMilliseconds=1631290549513
rwipfix2silk: 'input0001': Set sTime=2021/09/10T16:15:49.513Z, dur=0.000s from incoming record flowStartMilliseconds=1631290549513, flowEndMilliseconds=1631290549513
rwipfix2silk: 'input0001': Set sTime=2021/09/10T16:15:49.513Z, dur=0.000s from incoming record flowStartMilliseconds=1631290549513, flowEndMilliseconds=1631290549513
rwipfix2silk: 'input0001': Set sTime=2021/09/10T16:15:49.513Z, dur=0.000s from incoming record flowStartMilliseconds=1631290549513, flowEndMilliseconds=1631290549513
rwipfix2silk: 'input0001': Set sTime=2021/09/10T16:15:49.679Z, dur=0.068s from incoming record flowStartMilliseconds=1631290549679, flowEndMilliseconds=1631290549747
rwipfix2silk: 'input0001': Set sTime=2021/09/10T16:16:05.897Z, dur=0.024s from incoming record flowStartMilliseconds=1631290565897, flowEndMilliseconds=1631290565921
rwipfix2silk: 'input0001': Set sTime=2021/09/10T16:16:10.517Z, dur=0.019s from incoming record flowStartMilliseconds=1631290570517, flowEndMilliseconds=1631290570536
rwipfix2silk: 'input0001': Set sTime=2021/09/10T16:16:17.452Z, dur=0.458s from incoming record flowStartMilliseconds=1631290577452, flowEndMilliseconds=1631290577910
rwipfix2silk: 'input0001': Set sTime=2021/09/10T16:16:17.910Z, dur=0.000s from incoming record flowStartMilliseconds=1631290577910, flowEndMilliseconds=1631290577910
rwipfix2silk: 'input0001': Set sTime=2021/09/10T16:16:17.910Z, dur=0.000s from incoming record flowStartMilliseconds=1631290577910, flowEndMilliseconds=1631290577910
rwipfix2silk: 'input0001': Set sTime=2021/09/10T16:16:17.910Z, dur=0.000s from incoming record flowStartMilliseconds=1631290577910, flowEndMilliseconds=1631290577910
rwipfix2silk: 'input0001': Set sTime=2021/09/10T16:16:23.907Z, dur=0.023s from incoming record flowStartMilliseconds=1631290583907, flowEndMilliseconds=1631290583930
rwipfix2silk: 'input0001': Set sTime=2021/09/10T16:16:25.077Z, dur=0.040s from incoming record flowStartMilliseconds=1631290585077, flowEndMilliseconds=1631290585117
rwipfix2silk: 'input0001': Set sTime=2021/09/10T16:16:31.707Z, dur=0.053s from incoming record flowStartMilliseconds=1631290591707, flowEndMilliseconds=1631290591760
rwipfix2silk: 'input0001': Set sTime=2021/09/10T16:16:31.760Z, dur=0.001s from incoming record flowStartMilliseconds=1631290591760, flowEndMilliseconds=1631290591761
rwipfix2silk: 'input0001': Set sTime=2021/09/10T16:16:31.761Z, dur=0.000s from incoming record flowStartMilliseconds=1631290591761, flowEndMilliseconds=1631290591761
rwipfix2silk: 'input0001': Set sTime=2021/09/10T16:16:35.656Z, dur=0.048s from incoming record flowStartMilliseconds=1631290595656, flowEndMilliseconds=1631290595704
rwipfix2silk: 'input0001': Set sTime=2021/09/10T16:16:35.704Z, dur=0.001s from incoming record flowStartMilliseconds=1631290595704, flowEndMilliseconds=1631290595705
rwipfix2silk: 'input0001': Set sTime=2021/09/10T16:16:35.705Z, dur=0.000s from incoming record flowStartMilliseconds=1631290595705, flowEndMilliseconds=1631290595705
rwipfix2silk: 'input0001': Set sTime=2021/09/10T16:16:45.091Z, dur=0.200s from incoming record flowStartMilliseconds=1631290605091, flowEndMilliseconds=1631290605291
rwipfix2silk: 'input0001': Set sTime=2021/09/10T16:16:45.303Z, dur=0.669s from incoming record flowStartMilliseconds=1631290605303, flowEndMilliseconds=1631290605972
rwipfix2silk: 'input0001': Set sTime=2021/09/10T16:16:49.959Z, dur=0.307s from incoming record flowStartMilliseconds=1631290609959, flowEndMilliseconds=1631290610266
rwipfix2silk: 'input0001': Processing template 0xb301 (45825), domain 0, with the YAF template
rwipfix2silk: 'input0001': Contents of template 0xb301 (45825), domain 0, 15 elements: flowStartMilliseconds(152)[8], flowEndMilliseconds(153)[8], octetTotalCount(85)[4], packetTotalCount(86)[4], sourceIPv4Address(8)[4], destinationIPv4Address(12)[4], sourceTransportPort(7)[2], destinationTransportPort(11)[2], flowAttributes(6871/40)[2], protocolIdentifier(4)[1], flowEndReason(136)[1], silkAppLabel(6871/33)[2], vlanId(58)[2], ipClassOfService(5)[1], subTemplateMultiList(293)[65535]
rwipfix2silk: 'input0001': Set sTime=2021/09/10T16:14:52.625Z, dur=0.000s from incoming record flowStartMilliseconds=1631290492625, flowEndMilliseconds=1631290492625
rwipfix2silk: 'input0001': Set sTime=2021/09/10T16:14:52.626Z, dur=0.000s from incoming record flowStartMilliseconds=1631290492626, flowEndMilliseconds=1631290492626
rwipfix2silk: 'input0001': Set sTime=2021/09/10T16:14:52.641Z, dur=0.000s from incoming record flowStartMilliseconds=1631290492641, flowEndMilliseconds=1631290492641
rwipfix2silk: 'input0001': Set sTime=2021/09/10T16:14:52.699Z, dur=0.000s from incoming record flowStartMilliseconds=1631290492699, flowEndMilliseconds=1631290492699
rwipfix2silk: 'input0001': Set sTime=2021/09/10T16:14:52.699Z, dur=0.000s from incoming record flowStartMilliseconds=1631290492699, flowEndMilliseconds=1631290492699
rwipfix2silk: 'input0001': Set sTime=2021/09/10T16:14:52.719Z, dur=0.000s from incoming record flowStartMilliseconds=1631290492719, flowEndMilliseconds=1631290492719
rwipfix2silk: 'input0001': Set sTime=2021/09/10T16:14:53.158Z, dur=0.000s from incoming record flowStartMilliseconds=1631290493158, flowEndMilliseconds=1631290493158
rwipfix2silk: 'input0001': Set sTime=2021/09/10T16:14:53.277Z, dur=0.000s from incoming record flowStartMilliseconds=1631290493277, flowEndMilliseconds=1631290493277
rwipfix2silk: 'input0001': Set sTime=2021/09/10T16:14:53.519Z, dur=0.000s from incoming record flowStartMilliseconds=1631290493519, flowEndMilliseconds=1631290493519
rwipfix2silk: 'input0001': Set sTime=2021/09/10T16:14:53.861Z, dur=0.000s from incoming record flowStartMilliseconds=1631290493861, flowEndMilliseconds=1631290493861
rwipfix2silk: 'input0001': Set sTime=2021/09/10T16:14:54.316Z, dur=0.000s from incoming record flowStartMilliseconds=1631290494316, flowEndMilliseconds=1631290494316
rwipfix2silk: 'input0001': Processing template 0xb311 (45841), domain 0, with the YAF template
rwipfix2silk: 'input0001': Contents of template 0xb311 (45841), domain 0, 21 elements: flowStartMilliseconds(152)[8], flowEndMilliseconds(153)[8], octetTotalCount(85)[4], reverseOctetTotalCount(29305/85)[4], packetTotalCount(86)[4], reversePacketTotalCount(29305/86)[4], sourceIPv4Address(8)[4], destinationIPv4Address(12)[4], sourceTransportPort(7)[2], destinationTransportPort(11)[2], flowAttributes(6871/40)[2], reverseFlowAttributes(6871/16424)[2], protocolIdentifier(4)[1], flowEndReason(136)[1], silkAppLabel(6871/33)[2], reverseFlowDeltaMilliseconds(6871/21)[4], vlanId(58)[2], reverseVlanId(29305/58)[2], ipClassOfService(5)[1], reverseIpClassOfService(29305/5)[1], subTemplateMultiList(293)[65535]
rwipfix2silk: 'input0001': Set sTime=2021/09/10T16:14:54.586Z, dur=0.011s from incoming record flowStartMilliseconds=1631290494586, flowEndMilliseconds=1631290494597
rwipfix2silk: 'input0001': Set sTime=2021/09/10T16:14:54.840Z, dur=0.000s from incoming record flowStartMilliseconds=1631290494840, flowEndMilliseconds=1631290494840
rwipfix2silk: 'input0001': Set sTime=2021/09/10T16:14:55.073Z, dur=0.000s from incoming record flowStartMilliseconds=1631290495073, flowEndMilliseconds=1631290495073
rwipfix2silk: 'input0001': Set sTime=2021/09/10T16:14:55.120Z, dur=0.000s from incoming record flowStartMilliseconds=1631290495120, flowEndMilliseconds=1631290495120
rwipfix2silk: 'input0001': Set sTime=2021/09/10T16:14:55.645Z, dur=0.000s from incoming record flowStartMilliseconds=1631290495645, flowEndMilliseconds=1631290495645
rwipfix2silk: 'input0001': Set sTime=2021/09/10T16:14:55.645Z, dur=0.000s from incoming record flowStartMilliseconds=1631290495645, flowEndMilliseconds=1631290495645
rwipfix2silk: 'input0001': Set sTime=2021/09/10T16:14:55.874Z, dur=0.000s from incoming record flowStartMilliseconds=1631290495874, flowEndMilliseconds=1631290495874
rwipfix2silk: 'input0001': Set sTime=2021/09/10T16:14:55.874Z, dur=0.000s from incoming record flowStartMilliseconds=1631290495874, flowEndMilliseconds=1631290495874
rwipfix2silk: 'input0001': Set sTime=2021/09/10T16:14:55.917Z, dur=0.000s from incoming record flowStartMilliseconds=1631290495917, flowEndMilliseconds=1631290495917
rwipfix2silk: 'input0001': Set sTime=2021/09/10T16:14:56.462Z, dur=0.000s from incoming record flowStartMilliseconds=1631290496462, flowEndMilliseconds=1631290496462
rwipfix2silk: 'input0001': Set sTime=2021/09/10T16:14:56.489Z, dur=0.000s from incoming record flowStartMilliseconds=1631290496489, flowEndMilliseconds=1631290496489
rwipfix2silk: 'input0001': Set sTime=2021/09/10T16:14:56.524Z, dur=0.000s from incoming record flowStartMilliseconds=1631290496524, flowEndMilliseconds=1631290496524
rwipfix2silk: 'input0001': Set sTime=2021/09/10T16:14:56.524Z, dur=0.000s from incoming record flowStartMilliseconds=1631290496524, flowEndMilliseconds=1631290496524
rwipfix2silk: 'input0001': Set sTime=2021/09/10T16:14:56.719Z, dur=0.000s from incoming record flowStartMilliseconds=1631290496719, flowEndMilliseconds=1631290496719
rwipfix2silk: 'input0001': Set sTime=2021/09/10T16:14:56.732Z, dur=0.000s from incoming record flowStartMilliseconds=1631290496732, flowEndMilliseconds=1631290496732
rwipfix2silk: 'input0001': Set sTime=2021/09/10T16:14:57.249Z, dur=0.000s from incoming record flowStartMilliseconds=1631290497249, flowEndMilliseconds=1631290497249
rwipfix2silk: 'input0001': Set sTime=2021/09/10T16:14:57.363Z, dur=0.000s from incoming record flowStartMilliseconds=1631290497363, flowEndMilliseconds=1631290497363
rwipfix2silk: 'input0001': Set sTime=2021/09/10T16:14:57.519Z, dur=0.000s from incoming record flowStartMilliseconds=1631290497519, flowEndMilliseconds=1631290497519
rwipfix2silk: 'input0001': Set sTime=2021/09/10T16:14:57.838Z, dur=0.000s from incoming record flowStartMilliseconds=1631290497838, flowEndMilliseconds=1631290497838
rwipfix2silk: 'input0001': Set sTime=2021/09/10T16:14:57.850Z, dur=0.000s from incoming record flowStartMilliseconds=1631290497850, flowEndMilliseconds=1631290497850
rwipfix2silk: 'input0001': Set sTime=2021/09/10T16:14:58.283Z, dur=0.000s from incoming record flowStartMilliseconds=1631290498283, flowEndMilliseconds=1631290498283
rwipfix2silk: 'input0001': Set sTime=2021/09/10T16:14:58.285Z, dur=0.000s from incoming record flowStartMilliseconds=1631290498285, flowEndMilliseconds=1631290498285
rwipfix2silk: 'input0001': Set sTime=2021/09/10T16:14:58.320Z, dur=0.000s from incoming record flowStartMilliseconds=1631290498320, flowEndMilliseconds=1631290498320
rwipfix2silk: 'input0001': Set sTime=2021/09/10T16:14:58.334Z, dur=0.001s from incoming record flowStartMilliseconds=1631290498334, flowEndMilliseconds=1631290498335
rwipfix2silk: 'input0001': Set sTime=2021/09/10T16:14:52.989Z, dur=6.008s from incoming record flowStartMilliseconds=1631290492989, flowEndMilliseconds=1631290498997
rwipfix2silk: 'input0001': Set sTime=2021/09/10T16:14:59.117Z, dur=0.000s from incoming record flowStartMilliseconds=1631290499117, flowEndMilliseconds=1631290499117
rwipfix2silk: 'input0001': Set sTime=2021/09/10T16:14:59.257Z, dur=0.000s from incoming record flowStartMilliseconds=1631290499257, flowEndMilliseconds=1631290499257
rwipfix2silk: 'input0001': Set sTime=2021/09/10T16:14:52.501Z, dur=7.032s from incoming record flowStartMilliseconds=1631290492501, flowEndMilliseconds=1631290499533
rwipfix2silk: 'input0001': Set sTime=2021/09/10T16:14:59.534Z, dur=0.000s from incoming record flowStartMilliseconds=1631290499534, flowEndMilliseconds=1631290499534
rwipfix2silk: 'input0001': Set sTime=2021/09/10T16:14:59.916Z, dur=0.000s from incoming record flowStartMilliseconds=1631290499916, flowEndMilliseconds=1631290499916
rwipfix2silk: 'input0001': Set sTime=2021/09/10T16:15:00.719Z, dur=0.000s from incoming record flowStartMilliseconds=1631290500719, flowEndMilliseconds=1631290500719
rwipfix2silk: 'input0001': Set sTime=2021/09/10T16:15:00.968Z, dur=0.000s from incoming record flowStartMilliseconds=1631290500968, flowEndMilliseconds=1631290500968
rwipfix2silk: 'input0001': Set sTime=2021/09/10T16:15:01.519Z, dur=0.000s from incoming record flowStartMilliseconds=1631290501519, flowEndMilliseconds=1631290501519
rwipfix2silk: 'input0001': Set sTime=2021/09/10T16:14:54.571Z, dur=8.000s from incoming record flowStartMilliseconds=1631290494571, flowEndMilliseconds=1631290502571
rwipfix2silk: 'input0001': Set sTime=2021/09/10T16:15:02.644Z, dur=0.000s from incoming record flowStartMilliseconds=1631290502644, flowEndMilliseconds=1631290502644
rwipfix2silk: 'input0001': Set sTime=2021/09/10T16:15:02.644Z, dur=0.000s from incoming record flowStartMilliseconds=1631290502644, flowEndMilliseconds=1631290502644
rwipfix2silk: 'input0001': Set sTime=2021/09/10T16:15:02.697Z, dur=0.000s from incoming record flowStartMilliseconds=1631290502697, flowEndMilliseconds=1631290502697
rwipfix2silk: 'input0001': Set sTime=2021/09/10T16:15:02.697Z, dur=0.000s from incoming record flowStartMilliseconds=1631290502697, flowEndMilliseconds=1631290502697
rwipfix2silk: 'input0001': Set sTime=2021/09/10T16:14:54.706Z, dur=8.004s from incoming record flowStartMilliseconds=1631290494706, flowEndMilliseconds=1631290502710
rwipfix2silk: 'input0001': Set sTime=2021/09/10T16:15:02.906Z, dur=0.008s from incoming record flowStartMilliseconds=1631290502906, flowEndMilliseconds=1631290502914
rwipfix2silk: 'input0001': Set sTime=2021/09/10T16:15:03.290Z, dur=0.000s from incoming record flowStartMilliseconds=1631290503290, flowEndMilliseconds=1631290503290
rwipfix2silk: 'input0001': Set sTime=2021/09/10T16:15:03.294Z, dur=0.000s from incoming record flowStartMilliseconds=1631290503294, flowEndMilliseconds=1631290503294
rwipfix2silk: 'input0001': Set sTime=2021/09/10T16:14:55.701Z, dur=8.000s from incoming record flowStartMilliseconds=1631290495701, flowEndMilliseconds=1631290503701
rwipfix2silk: 'input0001': Set sTime=2021/09/10T16:15:03.845Z, dur=0.008s from incoming record flowStartMilliseconds=1631290503845, flowEndMilliseconds=1631290503853
rwipfix2silk: 'input0001': Set sTime=2021/09/10T16:14:55.941Z, dur=8.029s from incoming record flowStartMilliseconds=1631290495941, flowEndMilliseconds=1631290503970
rwipfix2silk: 'input0001': Set sTime=2021/09/10T16:15:04.259Z, dur=0.000s from incoming record flowStartMilliseconds=1631290504259, flowEndMilliseconds=1631290504259
rwipfix2silk: 'input0001': Set sTime=2021/09/10T16:15:04.259Z, dur=0.000s from incoming record flowStartMilliseconds=1631290504259, flowEndMilliseconds=1631290504259
rwipfix2silk: 'input0001': Set sTime=2021/09/10T16:15:05.590Z, dur=0.000s from incoming record flowStartMilliseconds=1631290505590, flowEndMilliseconds=1631290505590
rwipfix2silk: 'input0001': Set sTime=2021/09/10T16:15:05.590Z, dur=0.000s from incoming record flowStartMilliseconds=1631290505590, flowEndMilliseconds=1631290505590
rwipfix2silk: 'input0001': Set sTime=2021/09/10T16:14:53.709Z, dur=12.000s from incoming record flowStartMilliseconds=1631290493709, flowEndMilliseconds=1631290505709
rwipfix2silk: 'input0001': Set sTime=2021/09/10T16:15:05.722Z, dur=0.008s from incoming record flowStartMilliseconds=1631290505722, flowEndMilliseconds=1631290505730
rwipfix2silk: 'input0001': Set sTime=2021/09/10T16:15:05.723Z, dur=0.017s from incoming record flowStartMilliseconds=1631290505723, flowEndMilliseconds=1631290505740
rwipfix2silk: 'input0001': Set sTime=2021/09/10T16:14:53.838Z, dur=12.000s from incoming record flowStartMilliseconds=1631290493838, flowEndMilliseconds=1631290505838
rwipfix2silk: 'input0001': Set sTime=2021/09/10T16:14:53.848Z, dur=11.999s from incoming record flowStartMilliseconds=1631290493848, flowEndMilliseconds=1631290505847
rwipfix2silk: 'input0001': Set sTime=2021/09/10T16:15:05.885Z, dur=0.000s from incoming record flowStartMilliseconds=1631290505885, flowEndMilliseconds=1631290505885
rwipfix2silk: 'input0001': Set sTime=2021/09/10T16:15:05.885Z, dur=0.000s from incoming record flowStartMilliseconds=1631290505885, flowEndMilliseconds=1631290505885
rwipfix2silk: 'input0001': Set sTime=2021/09/10T16:14:54.089Z, dur=11.999s from incoming record flowStartMilliseconds=1631290494089, flowEndMilliseconds=1631290506088
rwipfix2silk: 'input0001': Set sTime=2021/09/10T16:14:54.097Z, dur=12.000s from incoming record flowStartMilliseconds=1631290494097, flowEndMilliseconds=1631290506097
rwipfix2silk: 'input0001': Set sTime=2021/09/10T16:14:52.428Z, dur=14.000s from incoming record flowStartMilliseconds=1631290492428, flowEndMilliseconds=1631290506428
rwipfix2silk: 'input0001': Set sTime=2021/09/10T16:15:06.511Z, dur=0.000s from incoming record flowStartMilliseconds=1631290506511, flowEndMilliseconds=1631290506511
rwipfix2silk: 'input0001': Set sTime=2021/09/10T16:15:06.511Z, dur=0.000s from incoming record flowStartMilliseconds=1631290506511, flowEndMilliseconds=1631290506511
rwipfix2silk: 'input0001': Set sTime=2021/09/10T16:14:57.093Z, dur=10.009s from incoming record flowStartMilliseconds=1631290497093, flowEndMilliseconds=1631290507102
rwipfix2silk: 'input0001': Set sTime=2021/09/10T16:15:07.412Z, dur=0.001s from incoming record flowStartMilliseconds=1631290507412, flowEndMilliseconds=1631290507413
rwipfix2silk: 'input0001': Set sTime=2021/09/10T16:15:07.513Z, dur=0.000s from incoming record flowStartMilliseconds=1631290507513, flowEndMilliseconds=1631290507513
rwipfix2silk: 'input0001': Set sTime=2021/09/10T16:14:59.883Z, dur=8.038s from incoming record flowStartMilliseconds=1631290499883, flowEndMilliseconds=1631290507921
rwipfix2silk: 'input0001': Set sTime=2021/09/10T16:15:08.297Z, dur=0.000s from incoming record flowStartMilliseconds=1631290508297, flowEndMilliseconds=1631290508297
rwipfix2silk: 'input0001': Set sTime=2021/09/10T16:15:08.299Z, dur=0.000s from incoming record flowStartMilliseconds=1631290508299, flowEndMilliseconds=1631290508299
rwipfix2silk: 'input0001': Set sTime=2021/09/10T16:15:08.573Z, dur=0.001s from incoming record flowStartMilliseconds=1631290508573, flowEndMilliseconds=1631290508574
rwipfix2silk: 'input0001': Set sTime=2021/09/10T16:15:08.618Z, dur=0.000s from incoming record flowStartMilliseconds=1631290508618, flowEndMilliseconds=1631290508618
rwipfix2silk: 'input0001': Set sTime=2021/09/10T16:14:54.598Z, dur=15.000s from incoming record flowStartMilliseconds=1631290494598, flowEndMilliseconds=1631290509598
rwipfix2silk: 'input0001': Set sTime=2021/09/10T16:15:10.223Z, dur=0.000s from incoming record flowStartMilliseconds=1631290510223, flowEndMilliseconds=1631290510223
rwipfix2silk: 'input0001': Set sTime=2021/09/10T16:15:10.380Z, dur=0.000s from incoming record flowStartMilliseconds=1631290510380, flowEndMilliseconds=1631290510380
rwipfix2silk: 'input0001': Set sTime=2021/09/10T16:15:10.380Z, dur=0.000s from incoming record flowStartMilliseconds=1631290510380, flowEndMilliseconds=1631290510380
rwipfix2silk: 'input0001': Set sTime=2021/09/10T16:15:09.490Z, dur=1.000s from incoming record flowStartMilliseconds=1631290509490, flowEndMilliseconds=1631290510490
rwipfix2silk: 'input0001': Set sTime=2021/09/10T16:15:10.624Z, dur=0.000s from incoming record flowStartMilliseconds=1631290510624, flowEndMilliseconds=1631290510624
rwipfix2silk: 'input0001': Set sTime=2021/09/10T16:15:09.742Z, dur=1.000s from incoming record flowStartMilliseconds=1631290509742, flowEndMilliseconds=1631290510742
rwipfix2silk: 'input0001': Set sTime=2021/09/10T16:14:55.763Z, dur=15.003s from incoming record flowStartMilliseconds=1631290495763, flowEndMilliseconds=1631290510766
rwipfix2silk: 'input0001': Set sTime=2021/09/10T16:15:03.541Z, dur=8.023s from incoming record flowStartMilliseconds=1631290503541, flowEndMilliseconds=1631290511564
rwipfix2silk: 'input0001': Set sTime=2021/09/10T16:15:11.736Z, dur=0.000s from incoming record flowStartMilliseconds=1631290511736, flowEndMilliseconds=1631290511736
rwipfix2silk: 'input0001': Set sTime=2021/09/10T16:15:11.732Z, dur=0.008s from incoming record flowStartMilliseconds=1631290511732, flowEndMilliseconds=1631290511740
rwipfix2silk: 'input0001': Set sTime=2021/09/10T16:15:11.741Z, dur=0.007s from incoming record flowStartMilliseconds=1631290511741, flowEndMilliseconds=1631290511748
rwipfix2silk: 'input0001': Set sTime=2021/09/10T16:15:11.749Z, dur=0.154s from incoming record flowStartMilliseconds=1631290511749, flowEndMilliseconds=1631290511903
rwipfix2silk: 'input0001': Set sTime=2021/09/10T16:15:11.728Z, dur=0.187s from incoming record flowStartMilliseconds=1631290511728, flowEndMilliseconds=1631290511915
rwipfix2silk: 'input0001': Set sTime=2021/09/10T16:15:01.481Z, dur=10.500s from incoming record flowStartMilliseconds=1631290501481, flowEndMilliseconds=1631290511981
rwipfix2silk: 'input0001': Set sTime=2021/09/10T16:15:01.482Z, dur=10.499s from incoming record flowStartMilliseconds=1631290501482, flowEndMilliseconds=1631290511981
rwipfix2silk: 'input0001': Set sTime=2021/09/10T16:15:12.119Z, dur=0.001s from incoming record flowStartMilliseconds=1631290512119, flowEndMilliseconds=1631290512120
rwipfix2silk: 'input0001': Set sTime=2021/09/10T16:15:12.539Z, dur=0.000s from incoming record flowStartMilliseconds=1631290512539, flowEndMilliseconds=1631290512539
rwipfix2silk: 'input0001': Set sTime=2021/09/10T16:15:12.606Z, dur=0.011s from incoming record flowStartMilliseconds=1631290512606, flowEndMilliseconds=1631290512617
rwipfix2silk: 'input0001': Set sTime=2021/09/10T16:15:12.688Z, dur=0.000s from incoming record flowStartMilliseconds=1631290512688, flowEndMilliseconds=1631290512688
rwipfix2silk: 'input0001': Set sTime=2021/09/10T16:15:12.688Z, dur=0.000s from incoming record flowStartMilliseconds=1631290512688, flowEndMilliseconds=1631290512688
rwipfix2silk: 'input0001': Set sTime=2021/09/10T16:15:12.621Z, dur=0.090s from incoming record flowStartMilliseconds=1631290512621, flowEndMilliseconds=1631290512711
rwipfix2silk: 'input0001': Set sTime=2021/09/10T16:15:12.714Z, dur=0.000s from incoming record flowStartMilliseconds=1631290512714, flowEndMilliseconds=1631290512714
rwipfix2silk: 'input0001': Set sTime=2021/09/10T16:15:12.715Z, dur=0.000s from incoming record flowStartMilliseconds=1631290512715, flowEndMilliseconds=1631290512715
rwipfix2silk: 'input0001': Set sTime=2021/09/10T16:15:12.715Z, dur=0.006s from incoming record flowStartMilliseconds=1631290512715, flowEndMilliseconds=1631290512721
rwipfix2silk: 'input0001': Set sTime=2021/09/10T16:15:12.602Z, dur=0.122s from incoming record flowStartMilliseconds=1631290512602, flowEndMilliseconds=1631290512724
rwipfix2silk: 'input0001': Set sTime=2021/09/10T16:15:12.918Z, dur=0.328s from incoming record flowStartMilliseconds=1631290512918, flowEndMilliseconds=1631290513246
rwipfix2silk: 'input0001': Set sTime=2021/09/10T16:15:12.916Z, dur=0.343s from incoming record flowStartMilliseconds=1631290512916, flowEndMilliseconds=1631290513259
rwipfix2silk: 'input0001': Set sTime=2021/09/10T16:15:13.302Z, dur=0.000s from incoming record flowStartMilliseconds=1631290513302, flowEndMilliseconds=1631290513302
rwipfix2silk: 'input0001': Set sTime=2021/09/10T16:15:13.305Z, dur=0.000s from incoming record flowStartMilliseconds=1631290513305, flowEndMilliseconds=1631290513305
rwipfix2silk: 'input0001': Set sTime=2021/09/10T16:15:13.339Z, dur=0.000s from incoming record flowStartMilliseconds=1631290513339, flowEndMilliseconds=1631290513339
rwipfix2silk: 'input0001': Set sTime=2021/09/10T16:15:04.352Z, dur=9.004s from incoming record flowStartMilliseconds=1631290504352, flowEndMilliseconds=1631290513356
rwipfix2silk: 'input0001': Set sTime=2021/09/10T16:15:05.322Z, dur=8.034s from incoming record flowStartMilliseconds=1631290505322, flowEndMilliseconds=1631290513356
rwipfix2silk: 'input0001': Set sTime=2021/09/10T16:15:13.518Z, dur=0.007s from incoming record flowStartMilliseconds=1631290513518, flowEndMilliseconds=1631290513525
rwipfix2silk: 'input0001': Set sTime=2021/09/10T16:15:13.530Z, dur=0.011s from incoming record flowStartMilliseconds=1631290513530, flowEndMilliseconds=1631290513541
rwipfix2silk: 'input0001': Set sTime=2021/09/10T16:15:13.550Z, dur=0.003s from incoming record flowStartMilliseconds=1631290513550, flowEndMilliseconds=1631290513553
rwipfix2silk: 'input0001': Set sTime=2021/09/10T16:15:13.544Z, dur=0.011s from incoming record flowStartMilliseconds=1631290513544, flowEndMilliseconds=1631290513555
rwipfix2silk: 'input0001': Set sTime=2021/09/10T16:15:13.558Z, dur=0.012s from incoming record flowStartMilliseconds=1631290513558, flowEndMilliseconds=1631290513570
rwipfix2silk: 'input0001': Set sTime=2021/09/10T16:15:13.573Z, dur=0.012s from incoming record flowStartMilliseconds=1631290513573, flowEndMilliseconds=1631290513585
rwipfix2silk: 'input0001': Set sTime=2021/09/10T16:15:13.514Z, dur=0.073s from incoming record flowStartMilliseconds=1631290513514, flowEndMilliseconds=1631290513587
rwipfix2silk: 'input0001': Set sTime=2021/09/10T16:15:13.882Z, dur=0.070s from incoming record flowStartMilliseconds=1631290513882, flowEndMilliseconds=1631290513952
rwipfix2silk: 'input0001': Set sTime=2021/09/10T16:15:13.956Z, dur=0.088s from incoming record flowStartMilliseconds=1631290513956, flowEndMilliseconds=1631290514044
rwipfix2silk: 'input0001': Set sTime=2021/09/10T16:15:13.879Z, dur=0.176s from incoming record flowStartMilliseconds=1631290513879, flowEndMilliseconds=1631290514055
rwipfix2silk: 'input0001': Set sTime=2021/09/10T16:15:14.140Z, dur=0.000s from incoming record flowStartMilliseconds=1631290514140, flowEndMilliseconds=1631290514140
rwipfix2silk: 'input0001': Set sTime=2021/09/10T16:15:14.250Z, dur=0.000s from incoming record flowStartMilliseconds=1631290514250, flowEndMilliseconds=1631290514250
rwipfix2silk: 'input0001': Set sTime=2021/09/10T16:15:14.251Z, dur=0.000s from incoming record flowStartMilliseconds=1631290514251, flowEndMilliseconds=1631290514251
rwipfix2silk: 'input0001': Set sTime=2021/09/10T16:15:14.387Z, dur=0.075s from incoming record flowStartMilliseconds=1631290514387, flowEndMilliseconds=1631290514462
rwipfix2silk: 'input0001': Set sTime=2021/09/10T16:15:14.465Z, dur=0.026s from incoming record flowStartMilliseconds=1631290514465, flowEndMilliseconds=1631290514491
rwipfix2silk: 'input0001': Set sTime=2021/09/10T16:15:14.384Z, dur=0.119s from incoming record flowStartMilliseconds=1631290514384, flowEndMilliseconds=1631290514503
rwipfix2silk: 'input0001': Set sTime=2021/09/10T16:15:14.737Z, dur=0.002s from incoming record flowStartMilliseconds=1631290514737, flowEndMilliseconds=1631290514739
rwipfix2silk: 'input0001': Set sTime=2021/09/10T16:15:14.742Z, dur=0.003s from incoming record flowStartMilliseconds=1631290514742, flowEndMilliseconds=1631290514745
rwipfix2silk: 'input0001': Set sTime=2021/09/10T16:15:14.944Z, dur=0.000s from incoming record flowStartMilliseconds=1631290514944, flowEndMilliseconds=1631290514944
rwipfix2silk: 'input0001': Set sTime=2021/09/10T16:15:15.339Z, dur=0.003s from incoming record flowStartMilliseconds=1631290515339, flowEndMilliseconds=1631290515342
rwipfix2silk: 'input0001': Processing template 0xb501 (46337), domain 0, with the YAF template
rwipfix2silk: 'input0001': Contents of template 0xb501 (46337), domain 0, 15 elements: flowStartMilliseconds(152)[8], flowEndMilliseconds(153)[8], octetTotalCount(85)[4], packetTotalCount(86)[4], sourceIPv6Address(27)[16], destinationIPv6Address(28)[16], sourceTransportPort(7)[2], destinationTransportPort(11)[2], flowAttributes(6871/40)[2], protocolIdentifier(4)[1], flowEndReason(136)[1], silkAppLabel(6871/33)[2], vlanId(58)[2], ipClassOfService(5)[1], subTemplateMultiList(293)[65535]
rwipfix2silk: 'input0001': Set sTime=2021/09/10T16:15:15.352Z, dur=0.003s from incoming record flowStartMilliseconds=1631290515352, flowEndMilliseconds=1631290515355
rwipfix2silk: 'input0001': Set sTime=2021/09/10T16:15:15.357Z, dur=0.004s from incoming record flowStartMilliseconds=1631290515357, flowEndMilliseconds=1631290515361
rwipfix2silk: 'input0001': Set sTime=2021/09/10T16:15:15.353Z, dur=0.012s from incoming record flowStartMilliseconds=1631290515353, flowEndMilliseconds=1631290515365
rwipfix2silk: 'input0001': Set sTime=2021/09/10T16:15:15.354Z, dur=0.029s from incoming record flowStartMilliseconds=1631290515354, flowEndMilliseconds=1631290515383
rwipfix2silk: 'input0001': Set sTime=2021/09/10T16:15:15.356Z, dur=0.028s from incoming record flowStartMilliseconds=1631290515356, flowEndMilliseconds=1631290515384
rwipfix2silk: 'input0001': Set sTime=2021/09/10T16:15:15.357Z, dur=0.029s from incoming record flowStartMilliseconds=1631290515357, flowEndMilliseconds=1631290515386
rwipfix2silk: 'input0001': Set sTime=2021/09/10T16:15:15.359Z, dur=0.030s from incoming record flowStartMilliseconds=1631290515359, flowEndMilliseconds=1631290515389
rwipfix2silk: 'input0001': Set sTime=2021/09/10T16:15:15.461Z, dur=0.037s from incoming record flowStartMilliseconds=1631290515461, flowEndMilliseconds=1631290515498
rwipfix2silk: 'input0001': Set sTime=2021/09/10T16:15:15.501Z, dur=0.007s from incoming record flowStartMilliseconds=1631290515501, flowEndMilliseconds=1631290515508
rwipfix2silk: 'input0001': Set sTime=2021/09/10T16:15:15.457Z, dur=0.054s from incoming record flowStartMilliseconds=1631290515457, flowEndMilliseconds=1631290515511
rwipfix2silk: 'input0001': Set sTime=2021/09/10T16:15:15.726Z, dur=0.008s from incoming record flowStartMilliseconds=1631290515726, flowEndMilliseconds=1631290515734
rwipfix2silk: 'input0001': Set sTime=2021/09/10T16:15:15.744Z, dur=0.000s from incoming record flowStartMilliseconds=1631290515744, flowEndMilliseconds=1631290515744
rwipfix2silk: 'input0001': Set sTime=2021/09/10T16:15:15.899Z, dur=0.000s from incoming record flowStartMilliseconds=1631290515899, flowEndMilliseconds=1631290515899
rwipfix2silk: 'input0001': Set sTime=2021/09/10T16:15:15.899Z, dur=0.000s from incoming record flowStartMilliseconds=1631290515899, flowEndMilliseconds=1631290515899
rwipfix2silk: 'input0001': Set sTime=2021/09/10T16:15:16.489Z, dur=0.000s from incoming record flowStartMilliseconds=1631290516489, flowEndMilliseconds=1631290516489
rwipfix2silk: 'input0001': Set sTime=2021/09/10T16:15:16.521Z, dur=0.000s from incoming record flowStartMilliseconds=1631290516521, flowEndMilliseconds=1631290516521
rwipfix2silk: 'input0001': Set sTime=2021/09/10T16:15:16.521Z, dur=0.000s from incoming record flowStartMilliseconds=1631290516521, flowEndMilliseconds=1631290516521
rwipfix2silk: 'input0001': Set sTime=2021/09/10T16:15:16.541Z, dur=0.000s from incoming record flowStartMilliseconds=1631290516541, flowEndMilliseconds=1631290516541
rwipfix2silk: 'input0001': Set sTime=2021/09/10T16:15:01.728Z, dur=14.999s from incoming record flowStartMilliseconds=1631290501728, flowEndMilliseconds=1631290516727
rwipfix2silk: 'input0001': Set sTime=2021/09/10T16:15:16.758Z, dur=0.003s from incoming record flowStartMilliseconds=1631290516758, flowEndMilliseconds=1631290516761
rwipfix2silk: 'input0001': Set sTime=2021/09/10T16:15:16.841Z, dur=0.001s from incoming record flowStartMilliseconds=1631290516841, flowEndMilliseconds=1631290516842
rwipfix2silk: 'input0001': Set sTime=2021/09/10T16:15:02.166Z, dur=15.005s from incoming record flowStartMilliseconds=1631290502166, flowEndMilliseconds=1631290517171
rwipfix2silk: 'input0001': Set sTime=2021/09/10T16:15:17.343Z, dur=0.000s from incoming record flowStartMilliseconds=1631290517343, flowEndMilliseconds=1631290517343
rwipfix2silk: 'input0001': Set sTime=2021/09/10T16:15:17.434Z, dur=0.003s from incoming record flowStartMilliseconds=1631290517434, flowEndMilliseconds=1631290517437
rwipfix2silk: 'input0001': Set sTime=2021/09/10T16:15:08.856Z, dur=9.003s from incoming record flowStartMilliseconds=1631290508856, flowEndMilliseconds=1631290517859
rwipfix2silk: 'input0001': Set sTime=2021/09/10T16:15:02.914Z, dur=15.001s from incoming record flowStartMilliseconds=1631290502914, flowEndMilliseconds=1631290517915
rwipfix2silk: 'input0001': Set sTime=2021/09/10T16:15:10.102Z, dur=8.031s from incoming record flowStartMilliseconds=1631290510102, flowEndMilliseconds=1631290518133
rwipfix2silk: 'input0001': Set sTime=2021/09/10T16:15:18.144Z, dur=0.000s from incoming record flowStartMilliseconds=1631290518144, flowEndMilliseconds=1631290518144
rwipfix2silk: 'input0001': Set sTime=2021/09/10T16:15:09.832Z, dur=9.020s from incoming record flowStartMilliseconds=1631290509832, flowEndMilliseconds=1631290518852
rwipfix2silk: 'input0001': Set sTime=2021/09/10T16:15:03.855Z, dur=15.000s from incoming record flowStartMilliseconds=1631290503855, flowEndMilliseconds=1631290518855
rwipfix2silk: 'input0001': Set sTime=2021/09/10T16:15:18.948Z, dur=0.000s from incoming record flowStartMilliseconds=1631290518948, flowEndMilliseconds=1631290518948
rwipfix2silk: 'input0001': Set sTime=2021/09/10T16:15:10.004Z, dur=9.013s from incoming record flowStartMilliseconds=1631290510004, flowEndMilliseconds=1631290519017
rwipfix2silk: 'input0001': Set sTime=2021/09/10T16:15:19.745Z, dur=0.000s from incoming record flowStartMilliseconds=1631290519745, flowEndMilliseconds=1631290519745
rwipfix2silk: 'input0001': Set sTime=2021/09/10T16:15:12.038Z, dur=8.021s from incoming record flowStartMilliseconds=1631290512038, flowEndMilliseconds=1631290520059
rwipfix2silk: 'input0001': Set sTime=2021/09/10T16:15:20.389Z, dur=0.000s from incoming record flowStartMilliseconds=1631290520389, flowEndMilliseconds=1631290520389
rwipfix2silk: 'input0001': Set sTime=2021/09/10T16:15:20.389Z, dur=0.000s from incoming record flowStartMilliseconds=1631290520389, flowEndMilliseconds=1631290520389
rwipfix2silk: 'input0001': Set sTime=2021/09/10T16:15:20.546Z, dur=0.000s from incoming record flowStartMilliseconds=1631290520546, flowEndMilliseconds=1631290520546
rwipfix2silk: 'input0001': Set sTime=2021/09/10T16:15:05.742Z, dur=15.472s from incoming record flowStartMilliseconds=1631290505742, flowEndMilliseconds=1631290521214
rwipfix2silk: 'input0001': Set sTime=2021/09/10T16:15:21.347Z, dur=0.000s from incoming record flowStartMilliseconds=1631290521347, flowEndMilliseconds=1631290521347
rwipfix2silk: 'input0001': Set sTime=2021/09/10T16:15:22.134Z, dur=0.000s from incoming record flowStartMilliseconds=1631290522134, flowEndMilliseconds=1631290522134
rwipfix2silk: 'input0001': Set sTime=2021/09/10T16:15:22.130Z, dur=0.007s from incoming record flowStartMilliseconds=1631290522130, flowEndMilliseconds=1631290522137
rwipfix2silk: 'input0001': Set sTime=2021/09/10T16:15:22.127Z, dur=0.011s from incoming record flowStartMilliseconds=1631290522127, flowEndMilliseconds=1631290522138
rwipfix2silk: 'input0001': Set sTime=2021/09/10T16:15:22.667Z, dur=0.000s from incoming record flowStartMilliseconds=1631290522667, flowEndMilliseconds=1631290522667
rwipfix2silk: 'input0001': Set sTime=2021/09/10T16:15:22.668Z, dur=0.000s from incoming record flowStartMilliseconds=1631290522668, flowEndMilliseconds=1631290522668
rwipfix2silk: 'input0001': Set sTime=2021/09/10T16:15:22.721Z, dur=0.000s from incoming record flowStartMilliseconds=1631290522721, flowEndMilliseconds=1631290522721
rwipfix2silk: 'input0001': Set sTime=2021/09/10T16:15:22.721Z, dur=0.000s from incoming record flowStartMilliseconds=1631290522721, flowEndMilliseconds=1631290522721
rwipfix2silk: 'input0001': Set sTime=2021/09/10T16:15:22.936Z, dur=0.000s from incoming record flowStartMilliseconds=1631290522936, flowEndMilliseconds=1631290522936
rwipfix2silk: 'input0001': Set sTime=2021/09/10T16:15:18.309Z, dur=5.004s from incoming record flowStartMilliseconds=1631290518309, flowEndMilliseconds=1631290523313
rwipfix2silk: 'input0001': Set sTime=2021/09/10T16:15:08.557Z, dur=15.000s from incoming record flowStartMilliseconds=1631290508557, flowEndMilliseconds=1631290523557
rwipfix2silk: 'input0001': Set sTime=2021/09/10T16:15:08.574Z, dur=15.001s from incoming record flowStartMilliseconds=1631290508574, flowEndMilliseconds=1631290523575
rwipfix2silk: 'input0001': Set sTime=2021/09/10T16:15:23.739Z, dur=0.000s from incoming record flowStartMilliseconds=1631290523739, flowEndMilliseconds=1631290523739
rwipfix2silk: 'input0001': Set sTime=2021/09/10T16:15:21.220Z, dur=3.034s from incoming record flowStartMilliseconds=1631290521220, flowEndMilliseconds=1631290524254
rwipfix2silk: 'input0001': Set sTime=2021/09/10T16:15:24.540Z, dur=0.000s from incoming record flowStartMilliseconds=1631290524540, flowEndMilliseconds=1631290524540
rwipfix2silk: 'input0001': Set sTime=2021/09/10T16:15:09.706Z, dur=15.000s from incoming record flowStartMilliseconds=1631290509706, flowEndMilliseconds=1631290524706
rwipfix2silk: 'input0001': Set sTime=2021/09/10T16:15:25.264Z, dur=0.000s from incoming record flowStartMilliseconds=1631290525264, flowEndMilliseconds=1631290525264
rwipfix2silk: 'input0001': Set sTime=2021/09/10T16:15:25.264Z, dur=0.000s from incoming record flowStartMilliseconds=1631290525264, flowEndMilliseconds=1631290525264
rwipfix2silk: 'input0001': Set sTime=2021/09/10T16:15:24.259Z, dur=1.018s from incoming record flowStartMilliseconds=1631290524259, flowEndMilliseconds=1631290525277
rwipfix2silk: 'input0001': Set sTime=2021/09/10T16:15:25.337Z, dur=0.000s from incoming record flowStartMilliseconds=1631290525337, flowEndMilliseconds=1631290525337
rwipfix2silk: 'input0001': Set sTime=2021/09/10T16:15:17.479Z, dur=8.030s from incoming record flowStartMilliseconds=1631290517479, flowEndMilliseconds=1631290525509
rwipfix2silk: 'input0001': Set sTime=2021/09/10T16:15:17.700Z, dur=8.015s from incoming record flowStartMilliseconds=1631290517700, flowEndMilliseconds=1631290525715
rwipfix2silk: 'input0001': Set sTime=2021/09/10T16:15:25.911Z, dur=0.000s from incoming record flowStartMilliseconds=1631290525911, flowEndMilliseconds=1631290525911
rwipfix2silk: 'input0001': Set sTime=2021/09/10T16:15:25.911Z, dur=0.000s from incoming record flowStartMilliseconds=1631290525911, flowEndMilliseconds=1631290525911
rwipfix2silk: 'input0001': Set sTime=2021/09/10T16:15:26.140Z, dur=0.000s from incoming record flowStartMilliseconds=1631290526140, flowEndMilliseconds=1631290526140
rwipfix2silk: 'input0001': Set sTime=2021/09/10T16:15:26.530Z, dur=0.000s from incoming record flowStartMilliseconds=1631290526530, flowEndMilliseconds=1631290526530
rwipfix2silk: 'input0001': Set sTime=2021/09/10T16:15:26.530Z, dur=0.001s from incoming record flowStartMilliseconds=1631290526530, flowEndMilliseconds=1631290526531
rwipfix2silk: 'input0001': Set sTime=2021/09/10T16:15:11.717Z, dur=15.002s from incoming record flowStartMilliseconds=1631290511717, flowEndMilliseconds=1631290526719
rwipfix2silk: 'input0001': Set sTime=2021/09/10T16:15:26.775Z, dur=0.000s from incoming record flowStartMilliseconds=1631290526775, flowEndMilliseconds=1631290526775
rwipfix2silk: 'input0001': Set sTime=2021/09/10T16:15:11.858Z, dur=15.001s from incoming record flowStartMilliseconds=1631290511858, flowEndMilliseconds=1631290526859
rwipfix2silk: 'input0001': Set sTime=2021/09/10T16:15:26.945Z, dur=0.000s from incoming record flowStartMilliseconds=1631290526945, flowEndMilliseconds=1631290526945
rwipfix2silk: 'input0001': Set sTime=2021/09/10T16:15:12.089Z, dur=15.001s from incoming record flowStartMilliseconds=1631290512089, flowEndMilliseconds=1631290527090
rwipfix2silk: 'input0001': Set sTime=2021/09/10T16:15:12.098Z, dur=14.999s from incoming record flowStartMilliseconds=1631290512098, flowEndMilliseconds=1631290527097
rwipfix2silk: 'input0001': Set sTime=2021/09/10T16:15:17.112Z, dur=10.002s from incoming record flowStartMilliseconds=1631290517112, flowEndMilliseconds=1631290527114
rwipfix2silk: 'input0001': Set sTime=2021/09/10T16:15:12.340Z, dur=15.000s from incoming record flowStartMilliseconds=1631290512340, flowEndMilliseconds=1631290527340
rwipfix2silk: 'input0001': Set sTime=2021/09/10T16:15:12.428Z, dur=15.000s from incoming record flowStartMilliseconds=1631290512428, flowEndMilliseconds=1631290527428
rwipfix2silk: 'input0001': Set sTime=2021/09/10T16:15:10.315Z, dur=17.428s from incoming record flowStartMilliseconds=1631290510315, flowEndMilliseconds=1631290527743
rwipfix2silk: 'input0001': Set sTime=2021/09/10T16:15:27.747Z, dur=0.000s from incoming record flowStartMilliseconds=1631290527747, flowEndMilliseconds=1631290527747
rwipfix2silk: 'input0001': Set sTime=2021/09/10T16:15:10.314Z, dur=17.530s from incoming record flowStartMilliseconds=1631290510314, flowEndMilliseconds=1631290527844
rwipfix2silk: 'input0001': Set sTime=2021/09/10T16:15:23.317Z, dur=5.005s from incoming record flowStartMilliseconds=1631290523317, flowEndMilliseconds=1631290528322
rwipfix2silk: 'input0001': Set sTime=2021/09/10T16:15:28.335Z, dur=0.000s from incoming record flowStartMilliseconds=1631290528335, flowEndMilliseconds=1631290528335
rwipfix2silk: 'input0001': Set sTime=2021/09/10T16:15:28.546Z, dur=0.000s from incoming record flowStartMilliseconds=1631290528546, flowEndMilliseconds=1631290528546
rwipfix2silk: 'input0001': Set sTime=2021/09/10T16:15:29.346Z, dur=0.000s from incoming record flowStartMilliseconds=1631290529346, flowEndMilliseconds=1631290529346
rwipfix2silk: 'input0001': Set sTime=2021/09/10T16:15:22.737Z, dur=7.178s from incoming record flowStartMilliseconds=1631290522737, flowEndMilliseconds=1631290529915
rwipfix2silk: 'input0001': Set sTime=2021/09/10T16:15:29.918Z, dur=0.000s from incoming record flowStartMilliseconds=1631290529918, flowEndMilliseconds=1631290529918
rwipfix2silk: 'input0001': Set sTime=2021/09/10T16:15:15.018Z, dur=15.001s from incoming record flowStartMilliseconds=1631290515018, flowEndMilliseconds=1631290530019
rwipfix2silk: 'input0001': Set sTime=2021/09/10T16:15:30.065Z, dur=0.000s from incoming record flowStartMilliseconds=1631290530065, flowEndMilliseconds=1631290530065
rwipfix2silk: 'input0001': Set sTime=2021/09/10T16:15:30.146Z, dur=0.000s from incoming record flowStartMilliseconds=1631290530146, flowEndMilliseconds=1631290530146
rwipfix2silk: 'input0001': Set sTime=2021/09/10T16:15:22.142Z, dur=8.026s from incoming record flowStartMilliseconds=1631290522142, flowEndMilliseconds=1631290530168
rwipfix2silk: 'input0001': Set sTime=2021/09/10T16:15:30.397Z, dur=0.000s from incoming record flowStartMilliseconds=1631290530397, flowEndMilliseconds=1631290530397
rwipfix2silk: 'input0001': Set sTime=2021/09/10T16:15:30.397Z, dur=0.000s from incoming record flowStartMilliseconds=1631290530397, flowEndMilliseconds=1631290530397
rwipfix2silk: 'input0001': Set sTime=2021/09/10T16:15:15.737Z, dur=15.001s from incoming record flowStartMilliseconds=1631290515737, flowEndMilliseconds=1631290530738
rwipfix2silk: 'input0001': Set sTime=2021/09/10T16:15:30.740Z, dur=0.012s from incoming record flowStartMilliseconds=1631290530740, flowEndMilliseconds=1631290530752
rwipfix2silk: 'input0001': Set sTime=2021/09/10T16:15:30.736Z, dur=0.019s from incoming record flowStartMilliseconds=1631290530736, flowEndMilliseconds=1631290530755
rwipfix2silk: 'input0001': Set sTime=2021/09/10T16:15:30.946Z, dur=0.000s from incoming record flowStartMilliseconds=1631290530946, flowEndMilliseconds=1631290530946
rwipfix2silk: 'input0001': Set sTime=2021/09/10T16:15:31.603Z, dur=0.000s from incoming record flowStartMilliseconds=1631290531603, flowEndMilliseconds=1631290531603
rwipfix2silk: 'input0001': Set sTime=2021/09/10T16:15:31.604Z, dur=0.000s from incoming record flowStartMilliseconds=1631290531604, flowEndMilliseconds=1631290531604
rwipfix2silk: 'input0001': Set sTime=2021/09/10T16:15:31.744Z, dur=0.000s from incoming record flowStartMilliseconds=1631290531744, flowEndMilliseconds=1631290531744
rwipfix2silk: 'input0001': Set sTime=2021/09/10T16:15:24.063Z, dur=8.036s from incoming record flowStartMilliseconds=1631290524063, flowEndMilliseconds=1631290532099
rwipfix2silk: 'input0001': Set sTime=2021/09/10T16:15:32.680Z, dur=0.000s from incoming record flowStartMilliseconds=1631290532680, flowEndMilliseconds=1631290532680
rwipfix2silk: 'input0001': Set sTime=2021/09/10T16:15:32.680Z, dur=0.000s from incoming record flowStartMilliseconds=1631290532680, flowEndMilliseconds=1631290532680
rwipfix2silk: 'input0001': Set sTime=2021/09/10T16:15:32.737Z, dur=0.000s from incoming record flowStartMilliseconds=1631290532737, flowEndMilliseconds=1631290532737
rwipfix2silk: 'input0001': Set sTime=2021/09/10T16:15:32.737Z, dur=0.000s from incoming record flowStartMilliseconds=1631290532737, flowEndMilliseconds=1631290532737
rwipfix2silk: 'input0001': Set sTime=2021/09/10T16:15:23.840Z, dur=9.010s from incoming record flowStartMilliseconds=1631290523840, flowEndMilliseconds=1631290532850
rwipfix2silk: 'input0001': Set sTime=2021/09/10T16:15:33.098Z, dur=0.007s from incoming record flowStartMilliseconds=1631290533098, flowEndMilliseconds=1631290533105
rwipfix2silk: 'input0001': Set sTime=2021/09/10T16:15:33.106Z, dur=0.001s from incoming record flowStartMilliseconds=1631290533106, flowEndMilliseconds=1631290533107
rwipfix2silk: 'input0001': Set sTime=2021/09/10T16:15:33.107Z, dur=0.011s from incoming record flowStartMilliseconds=1631290533107, flowEndMilliseconds=1631290533118
rwipfix2silk: 'input0001': Set sTime=2021/09/10T16:15:28.328Z, dur=5.005s from incoming record flowStartMilliseconds=1631290528328, flowEndMilliseconds=1631290533333
rwipfix2silk: 'input0001': Set sTime=2021/09/10T16:15:33.349Z, dur=0.001s from incoming record flowStartMilliseconds=1631290533349, flowEndMilliseconds=1631290533350
rwipfix2silk: 'input0001': Set sTime=2021/09/10T16:15:25.002Z, dur=9.006s from incoming record flowStartMilliseconds=1631290525002, flowEndMilliseconds=1631290534008
rwipfix2silk: 'input0001': Set sTime=2021/09/10T16:15:33.098Z, dur=0.999s from incoming record flowStartMilliseconds=1631290533098, flowEndMilliseconds=1631290534097
rwipfix2silk: 'input0001': Set sTime=2021/09/10T16:15:33.349Z, dur=0.999s from incoming record flowStartMilliseconds=1631290533349, flowEndMilliseconds=1631290534348
rwipfix2silk: 'input0001': Set sTime=2021/09/10T16:15:35.268Z, dur=0.000s from incoming record flowStartMilliseconds=1631290535268, flowEndMilliseconds=1631290535268
rwipfix2silk: 'input0001': Set sTime=2021/09/10T16:15:35.268Z, dur=0.000s from incoming record flowStartMilliseconds=1631290535268, flowEndMilliseconds=1631290535268
rwipfix2silk: 'input0001': Set sTime=2021/09/10T16:15:35.833Z, dur=0.000s from incoming record flowStartMilliseconds=1631290535833, flowEndMilliseconds=1631290535833
rwipfix2silk: 'input0001': Set sTime=2021/09/10T16:15:35.922Z, dur=0.000s from incoming record flowStartMilliseconds=1631290535922, flowEndMilliseconds=1631290535922
rwipfix2silk: 'input0001': Set sTime=2021/09/10T16:15:35.923Z, dur=0.000s from incoming record flowStartMilliseconds=1631290535923, flowEndMilliseconds=1631290535923
rwipfix2silk: 'input0001': Set sTime=2021/09/10T16:15:36.146Z, dur=0.000s from incoming record flowStartMilliseconds=1631290536146, flowEndMilliseconds=1631290536146
rwipfix2silk: 'input0001': Set sTime=2021/09/10T16:15:36.142Z, dur=0.008s from incoming record flowStartMilliseconds=1631290536142, flowEndMilliseconds=1631290536150
rwipfix2silk: 'input0001': Set sTime=2021/09/10T16:15:36.143Z, dur=0.012s from incoming record flowStartMilliseconds=1631290536143, flowEndMilliseconds=1631290536155
rwipfix2silk: 'input0001': Set sTime=2021/09/10T16:15:36.138Z, dur=0.022s from incoming record flowStartMilliseconds=1631290536138, flowEndMilliseconds=1631290536160
rwipfix2silk: 'input0001': Set sTime=2021/09/10T16:15:28.127Z, dur=8.039s from incoming record flowStartMilliseconds=1631290528127, flowEndMilliseconds=1631290536166
rwipfix2silk: 'input0001': Set sTime=2021/09/10T16:15:36.542Z, dur=0.000s from incoming record flowStartMilliseconds=1631290536542, flowEndMilliseconds=1631290536542
rwipfix2silk: 'input0001': Set sTime=2021/09/10T16:15:36.542Z, dur=0.000s from incoming record flowStartMilliseconds=1631290536542, flowEndMilliseconds=1631290536542
rwipfix2silk: 'input0001': Set sTime=2021/09/10T16:15:21.717Z, dur=15.000s from incoming record flowStartMilliseconds=1631290521717, flowEndMilliseconds=1631290536717
rwipfix2silk: 'input0001': Set sTime=2021/09/10T16:15:36.861Z, dur=0.032s from incoming record flowStartMilliseconds=1631290536861, flowEndMilliseconds=1631290536893
rwipfix2silk: 'input0001': Set sTime=2021/09/10T16:15:36.944Z, dur=0.000s from incoming record flowStartMilliseconds=1631290536944, flowEndMilliseconds=1631290536944
rwipfix2silk: 'input0001': Set sTime=2021/09/10T16:15:05.734Z, dur=31.247s from incoming record flowStartMilliseconds=1631290505734, flowEndMilliseconds=1631290536981
rwipfix2silk: 'input0001': Set sTime=2021/09/10T16:15:29.510Z, dur=8.032s from incoming record flowStartMilliseconds=1631290529510, flowEndMilliseconds=1631290537542
rwipfix2silk: 'input0001': Set sTime=2021/09/10T16:15:37.747Z, dur=0.000s from incoming record flowStartMilliseconds=1631290537747, flowEndMilliseconds=1631290537747
rwipfix2silk: 'input0001': Set sTime=2021/09/10T16:15:29.730Z, dur=8.036s from incoming record flowStartMilliseconds=1631290529730, flowEndMilliseconds=1631290537766
rwipfix2silk: 'input0001': Set sTime=2021/09/10T16:15:38.340Z, dur=0.000s from incoming record flowStartMilliseconds=1631290538340, flowEndMilliseconds=1631290538340
rwipfix2silk: 'input0001': Set sTime=2021/09/10T16:15:38.351Z, dur=0.000s from incoming record flowStartMilliseconds=1631290538351, flowEndMilliseconds=1631290538351
rwipfix2silk: 'input0001': Set sTime=2021/09/10T16:15:38.545Z, dur=0.000s from incoming record flowStartMilliseconds=1631290538545, flowEndMilliseconds=1631290538545
rwipfix2silk: 'input0001': Set sTime=2021/09/10T16:15:39.316Z, dur=0.000s from incoming record flowStartMilliseconds=1631290539316, flowEndMilliseconds=1631290539316
rwipfix2silk: 'input0001': Set sTime=2021/09/10T16:15:39.347Z, dur=0.000s from incoming record flowStartMilliseconds=1631290539347, flowEndMilliseconds=1631290539347
rwipfix2silk: 'input0001': Set sTime=2021/09/10T16:15:39.559Z, dur=0.000s from incoming record flowStartMilliseconds=1631290539559, flowEndMilliseconds=1631290539559
rwipfix2silk: 'input0001': Set sTime=2021/09/10T16:15:39.559Z, dur=0.000s from incoming record flowStartMilliseconds=1631290539559, flowEndMilliseconds=1631290539559
rwipfix2silk: 'input0001': Set sTime=2021/09/10T16:15:24.858Z, dur=14.999s from incoming record flowStartMilliseconds=1631290524858, flowEndMilliseconds=1631290539857
rwipfix2silk: 'input0001': Set sTime=2021/09/10T16:15:40.147Z, dur=0.000s from incoming record flowStartMilliseconds=1631290540147, flowEndMilliseconds=1631290540147
rwipfix2silk: 'input0001': Set sTime=2021/09/10T16:15:40.407Z, dur=0.000s from incoming record flowStartMilliseconds=1631290540407, flowEndMilliseconds=1631290540407
rwipfix2silk: 'input0001': Set sTime=2021/09/10T16:15:40.407Z, dur=0.000s from incoming record flowStartMilliseconds=1631290540407, flowEndMilliseconds=1631290540407
rwipfix2silk: 'input0001': Set sTime=2021/09/10T16:15:40.632Z, dur=0.004s from incoming record flowStartMilliseconds=1631290540632, flowEndMilliseconds=1631290540636
rwipfix2silk: 'input0001': Set sTime=2021/09/10T16:15:40.948Z, dur=0.000s from incoming record flowStartMilliseconds=1631290540948, flowEndMilliseconds=1631290540948
rwipfix2silk: 'input0001': Set sTime=2021/09/10T16:15:41.614Z, dur=0.000s from incoming record flowStartMilliseconds=1631290541614, flowEndMilliseconds=1631290541614
rwipfix2silk: 'input0001': Set sTime=2021/09/10T16:15:41.614Z, dur=0.000s from incoming record flowStartMilliseconds=1631290541614, flowEndMilliseconds=1631290541614
rwipfix2silk: 'input0001': Set sTime=2021/09/10T16:15:41.744Z, dur=0.000s from incoming record flowStartMilliseconds=1631290541744, flowEndMilliseconds=1631290541744
rwipfix2silk: 'input0001': Set sTime=2021/09/10T16:15:35.998Z, dur=6.134s from incoming record flowStartMilliseconds=1631290535998, flowEndMilliseconds=1631290542132
rwipfix2silk: 'input0001': Set sTime=2021/09/10T16:15:35.998Z, dur=6.443s from incoming record flowStartMilliseconds=1631290535998, flowEndMilliseconds=1631290542441
rwipfix2silk: 'input0001': Set sTime=2021/09/10T16:15:42.436Z, dur=0.024s from incoming record flowStartMilliseconds=1631290542436, flowEndMilliseconds=1631290542460
rwipfix2silk: 'input0001': Set sTime=2021/09/10T16:15:42.432Z, dur=0.029s from incoming record flowStartMilliseconds=1631290542432, flowEndMilliseconds=1631290542461
rwipfix2silk: 'input0001': Set sTime=2021/09/10T16:15:42.547Z, dur=0.000s from incoming record flowStartMilliseconds=1631290542547, flowEndMilliseconds=1631290542547
rwipfix2silk: 'input0001': Set sTime=2021/09/10T16:15:42.697Z, dur=0.000s from incoming record flowStartMilliseconds=1631290542697, flowEndMilliseconds=1631290542697
rwipfix2silk: 'input0001': Set sTime=2021/09/10T16:15:42.698Z, dur=0.000s from incoming record flowStartMilliseconds=1631290542698, flowEndMilliseconds=1631290542698
rwipfix2silk: 'input0001': Set sTime=2021/09/10T16:15:42.749Z, dur=0.000s from incoming record flowStartMilliseconds=1631290542749, flowEndMilliseconds=1631290542749
rwipfix2silk: 'input0001': Set sTime=2021/09/10T16:15:42.749Z, dur=0.000s from incoming record flowStartMilliseconds=1631290542749, flowEndMilliseconds=1631290542749
rwipfix2silk: 'input0001': Set sTime=2021/09/10T16:15:43.348Z, dur=0.000s from incoming record flowStartMilliseconds=1631290543348, flowEndMilliseconds=1631290543348
rwipfix2silk: 'input0001': Set sTime=2021/09/10T16:15:43.353Z, dur=0.000s from incoming record flowStartMilliseconds=1631290543353, flowEndMilliseconds=1631290543353
rwipfix2silk: 'input0001': Set sTime=2021/09/10T16:15:43.356Z, dur=0.000s from incoming record flowStartMilliseconds=1631290543356, flowEndMilliseconds=1631290543356
rwipfix2silk: 'input0001': Set sTime=2021/09/10T16:15:44.146Z, dur=0.000s from incoming record flowStartMilliseconds=1631290544146, flowEndMilliseconds=1631290544146
rwipfix2silk: 'input0001': Set sTime=2021/09/10T16:15:36.198Z, dur=8.033s from incoming record flowStartMilliseconds=1631290536198, flowEndMilliseconds=1631290544231
rwipfix2silk: 'input0001': Set sTime=2021/09/10T16:15:29.580Z, dur=15.001s from incoming record flowStartMilliseconds=1631290529580, flowEndMilliseconds=1631290544581
rwipfix2silk: 'input0001': Set sTime=2021/09/10T16:15:44.946Z, dur=0.000s from incoming record flowStartMilliseconds=1631290544946, flowEndMilliseconds=1631290544946
rwipfix2silk: 'input0001': Set sTime=2021/09/10T16:15:45.295Z, dur=0.000s from incoming record flowStartMilliseconds=1631290545295, flowEndMilliseconds=1631290545295
rwipfix2silk: 'input0001': Set sTime=2021/09/10T16:15:45.299Z, dur=0.000s from incoming record flowStartMilliseconds=1631290545299, flowEndMilliseconds=1631290545299
rwipfix2silk: 'input0001': Set sTime=2021/09/10T16:15:45.352Z, dur=0.004s from incoming record flowStartMilliseconds=1631290545352, flowEndMilliseconds=1631290545356
rwipfix2silk: 'input0001': Set sTime=2021/09/10T16:15:45.353Z, dur=0.004s from incoming record flowStartMilliseconds=1631290545353, flowEndMilliseconds=1631290545357
rwipfix2silk: 'input0001': Set sTime=2021/09/10T16:15:45.355Z, dur=0.004s from incoming record flowStartMilliseconds=1631290545355, flowEndMilliseconds=1631290545359
rwipfix2silk: 'input0001': Set sTime=2021/09/10T16:15:45.357Z, dur=0.002s from incoming record flowStartMilliseconds=1631290545357, flowEndMilliseconds=1631290545359
rwipfix2silk: 'input0001': Set sTime=2021/09/10T16:15:45.356Z, dur=0.004s from incoming record flowStartMilliseconds=1631290545356, flowEndMilliseconds=1631290545360
rwipfix2silk: 'input0001': Set sTime=2021/09/10T16:15:45.358Z, dur=0.010s from incoming record flowStartMilliseconds=1631290545358, flowEndMilliseconds=1631290545368
rwipfix2silk: 'input0001': Set sTime=2021/09/10T16:15:45.359Z, dur=0.010s from incoming record flowStartMilliseconds=1631290545359, flowEndMilliseconds=1631290545369
rwipfix2silk: 'input0001': Set sTime=2021/09/10T16:15:30.723Z, dur=15.004s from incoming record flowStartMilliseconds=1631290530723, flowEndMilliseconds=1631290545727
rwipfix2silk: 'input0001': Set sTime=2021/09/10T16:15:45.746Z, dur=0.000s from incoming record flowStartMilliseconds=1631290545746, flowEndMilliseconds=1631290545746
rwipfix2silk: 'input0001': Set sTime=2021/09/10T16:15:45.863Z, dur=0.007s from incoming record flowStartMilliseconds=1631290545863, flowEndMilliseconds=1631290545870
rwipfix2silk: 'input0001': Set sTime=2021/09/10T16:15:45.934Z, dur=0.000s from incoming record flowStartMilliseconds=1631290545934, flowEndMilliseconds=1631290545934
rwipfix2silk: 'input0001': Set sTime=2021/09/10T16:15:45.934Z, dur=0.000s from incoming record flowStartMilliseconds=1631290545934, flowEndMilliseconds=1631290545934
rwipfix2silk: 'input0001': Set sTime=2021/09/10T16:15:38.239Z, dur=8.020s from incoming record flowStartMilliseconds=1631290538239, flowEndMilliseconds=1631290546259
rwipfix2silk: 'input0001': Set sTime=2021/09/10T16:15:38.428Z, dur=8.016s from incoming record flowStartMilliseconds=1631290538428, flowEndMilliseconds=1631290546444
rwipfix2silk: 'input0001': Set sTime=2021/09/10T16:15:46.553Z, dur=0.000s from incoming record flowStartMilliseconds=1631290546553, flowEndMilliseconds=1631290546553
rwipfix2silk: 'input0001': Set sTime=2021/09/10T16:15:46.553Z, dur=0.000s from incoming record flowStartMilliseconds=1631290546553, flowEndMilliseconds=1631290546553
rwipfix2silk: 'input0001': Set sTime=2021/09/10T16:15:37.121Z, dur=10.002s from incoming record flowStartMilliseconds=1631290537121, flowEndMilliseconds=1631290547123
rwipfix2silk: 'input0001': Set sTime=2021/09/10T16:15:32.574Z, dur=15.000s from incoming record flowStartMilliseconds=1631290532574, flowEndMilliseconds=1631290547574
rwipfix2silk: 'input0001': Set sTime=2021/09/10T16:15:48.362Z, dur=0.000s from incoming record flowStartMilliseconds=1631290548362, flowEndMilliseconds=1631290548362
rwipfix2silk: 'input0001': Set sTime=2021/09/10T16:15:48.365Z, dur=0.000s from incoming record flowStartMilliseconds=1631290548365, flowEndMilliseconds=1631290548365
rwipfix2silk: 'input0001': Set sTime=2021/09/10T16:15:33.428Z, dur=14.999s from incoming record flowStartMilliseconds=1631290533428, flowEndMilliseconds=1631290548427
rwipfix2silk: 'input0001': Set sTime=2021/09/10T16:15:48.568Z, dur=0.000s from incoming record flowStartMilliseconds=1631290548568, flowEndMilliseconds=1631290548568
rwipfix2silk: 'input0001': Set sTime=2021/09/10T16:15:48.565Z, dur=0.008s from incoming record flowStartMilliseconds=1631290548565, flowEndMilliseconds=1631290548573
rwipfix2silk: 'input0001': Set sTime=2021/09/10T16:15:48.566Z, dur=0.012s from incoming record flowStartMilliseconds=1631290548566, flowEndMilliseconds=1631290548578
rwipfix2silk: 'input0001': Set sTime=2021/09/10T16:15:48.560Z, dur=0.023s from incoming record flowStartMilliseconds=1631290548560, flowEndMilliseconds=1631290548583
rwipfix2silk: 'input0001': Set sTime=2021/09/10T16:15:49.370Z, dur=0.000s from incoming record flowStartMilliseconds=1631290549370, flowEndMilliseconds=1631290549370
rwipfix2silk: 'input0001': Set sTime=2021/09/10T16:15:49.747Z, dur=0.000s from incoming record flowStartMilliseconds=1631290549747, flowEndMilliseconds=1631290549747
rwipfix2silk: 'input0001': Set sTime=2021/09/10T16:15:50.166Z, dur=0.000s from incoming record flowStartMilliseconds=1631290550166, flowEndMilliseconds=1631290550166
rwipfix2silk: 'input0001': Set sTime=2021/09/10T16:15:50.583Z, dur=0.007s from incoming record flowStartMilliseconds=1631290550583, flowEndMilliseconds=1631290550590
rwipfix2silk: 'input0001': Set sTime=2021/09/10T16:15:35.731Z, dur=15.002s from incoming record flowStartMilliseconds=1631290535731, flowEndMilliseconds=1631290550733
rwipfix2silk: 'input0001': Set sTime=2021/09/10T16:15:50.967Z, dur=0.000s from incoming record flowStartMilliseconds=1631290550967, flowEndMilliseconds=1631290550967
rwipfix2silk: 'input0001': Set sTime=2021/09/10T16:15:51.417Z, dur=0.000s from incoming record flowStartMilliseconds=1631290551417, flowEndMilliseconds=1631290551417
rwipfix2silk: 'input0001': Set sTime=2021/09/10T16:15:51.423Z, dur=0.000s from incoming record flowStartMilliseconds=1631290551423, flowEndMilliseconds=1631290551423
rwipfix2silk: 'input0001': Set sTime=2021/09/10T16:15:43.673Z, dur=8.008s from incoming record flowStartMilliseconds=1631290543673, flowEndMilliseconds=1631290551681
rwipfix2silk: 'input0001': Set sTime=2021/09/10T16:15:51.731Z, dur=0.008s from incoming record flowStartMilliseconds=1631290551731, flowEndMilliseconds=1631290551739
rwipfix2silk: 'input0001': Set sTime=2021/09/10T16:15:51.767Z, dur=0.000s from incoming record flowStartMilliseconds=1631290551767, flowEndMilliseconds=1631290551767
rwipfix2silk: 'input0001': Set sTime=2021/09/10T16:15:43.786Z, dur=8.038s from incoming record flowStartMilliseconds=1631290543786, flowEndMilliseconds=1631290551824
rwipfix2silk: 'input0001': Set sTime=2021/09/10T16:15:36.893Z, dur=15.000s from incoming record flowStartMilliseconds=1631290536893, flowEndMilliseconds=1631290551893
rwipfix2silk: 'input0001': Set sTime=2021/09/10T16:14:59.124Z, dur=53.003s from incoming record flowStartMilliseconds=1631290499124, flowEndMilliseconds=1631290552127
rwipfix2silk: 'input0001': Set sTime=2021/09/10T16:15:01.124Z, dur=51.008s from incoming record flowStartMilliseconds=1631290501124, flowEndMilliseconds=1631290552132
rwipfix2silk: 'input0001': Set sTime=2021/09/10T16:15:52.568Z, dur=0.000s from incoming record flowStartMilliseconds=1631290552568, flowEndMilliseconds=1631290552568
rwipfix2silk: 'input0001': Set sTime=2021/09/10T16:15:52.768Z, dur=0.000s from incoming record flowStartMilliseconds=1631290552768, flowEndMilliseconds=1631290552768
rwipfix2silk: 'input0001': Set sTime=2021/09/10T16:15:52.768Z, dur=0.000s from incoming record flowStartMilliseconds=1631290552768, flowEndMilliseconds=1631290552768
rwipfix2silk: 'input0001': Set sTime=2021/09/10T16:15:43.840Z, dur=9.013s from incoming record flowStartMilliseconds=1631290543840, flowEndMilliseconds=1631290552853
rwipfix2silk: 'input0001': Set sTime=2021/09/10T16:15:52.917Z, dur=0.000s from incoming record flowStartMilliseconds=1631290552917, flowEndMilliseconds=1631290552917
rwipfix2silk: 'input0001': Set sTime=2021/09/10T16:15:52.917Z, dur=0.000s from incoming record flowStartMilliseconds=1631290552917, flowEndMilliseconds=1631290552917
rwipfix2silk: 'input0001': Set sTime=2021/09/10T16:15:53.366Z, dur=0.000s from incoming record flowStartMilliseconds=1631290553366, flowEndMilliseconds=1631290553366
rwipfix2silk: 'input0001': Set sTime=2021/09/10T16:15:53.371Z, dur=0.000s from incoming record flowStartMilliseconds=1631290553371, flowEndMilliseconds=1631290553371
rwipfix2silk: 'input0001': Set sTime=2021/09/10T16:15:53.373Z, dur=0.001s from incoming record flowStartMilliseconds=1631290553373, flowEndMilliseconds=1631290553374
rwipfix2silk: 'input0001': Set sTime=2021/09/10T16:15:22.481Z, dur=31.499s from incoming record flowStartMilliseconds=1631290522481, flowEndMilliseconds=1631290553980
rwipfix2silk: 'input0001': Set sTime=2021/09/10T16:15:22.481Z, dur=31.500s from incoming record flowStartMilliseconds=1631290522481, flowEndMilliseconds=1631290553981
rwipfix2silk: 'input0001': Set sTime=2021/09/10T16:15:45.013Z, dur=9.013s from incoming record flowStartMilliseconds=1631290545013, flowEndMilliseconds=1631290554026
rwipfix2silk: 'input0001': Set sTime=2021/09/10T16:15:01.833Z, dur=52.225s from incoming record flowStartMilliseconds=1631290501833, flowEndMilliseconds=1631290554058
rwipfix2silk: 'input0001': Set sTime=2021/09/10T16:15:54.167Z, dur=0.000s from incoming record flowStartMilliseconds=1631290554167, flowEndMilliseconds=1631290554167
rwipfix2silk: 'input0001': Set sTime=2021/09/10T16:14:56.196Z, dur=58.001s from incoming record flowStartMilliseconds=1631290496196, flowEndMilliseconds=1631290554197
rwipfix2silk: 'input0001': Set sTime=2021/09/10T16:14:54.140Z, dur=60.355s from incoming record flowStartMilliseconds=1631290494140, flowEndMilliseconds=1631290554495
rwipfix2silk: 'input0001': Set sTime=2021/09/10T16:15:54.971Z, dur=0.000s from incoming record flowStartMilliseconds=1631290554971, flowEndMilliseconds=1631290554971
rwipfix2silk: 'input0001': Set sTime=2021/09/10T16:15:55.288Z, dur=0.000s from incoming record flowStartMilliseconds=1631290555288, flowEndMilliseconds=1631290555288
rwipfix2silk: 'input0001': Set sTime=2021/09/10T16:15:55.288Z, dur=0.000s from incoming record flowStartMilliseconds=1631290555288, flowEndMilliseconds=1631290555288
rwipfix2silk: 'input0001': Set sTime=2021/09/10T16:14:56.443Z, dur=59.123s from incoming record flowStartMilliseconds=1631290496443, flowEndMilliseconds=1631290555566
rwipfix2silk: 'input0001': Set sTime=2021/09/10T16:15:55.770Z, dur=0.000s from incoming record flowStartMilliseconds=1631290555770, flowEndMilliseconds=1631290555770
rwipfix2silk: 'input0001': Set sTime=2021/09/10T16:15:55.951Z, dur=0.000s from incoming record flowStartMilliseconds=1631290555951, flowEndMilliseconds=1631290555951
rwipfix2silk: 'input0001': Set sTime=2021/09/10T16:15:55.951Z, dur=0.000s from incoming record flowStartMilliseconds=1631290555951, flowEndMilliseconds=1631290555951
rwipfix2silk: 'input0001': Set sTime=2021/09/10T16:15:48.350Z, dur=8.019s from incoming record flowStartMilliseconds=1631290548350, flowEndMilliseconds=1631290556369
rwipfix2silk: 'input0001': Set sTime=2021/09/10T16:15:56.561Z, dur=0.000s from incoming record flowStartMilliseconds=1631290556561, flowEndMilliseconds=1631290556561
rwipfix2silk: 'input0001': Set sTime=2021/09/10T16:15:56.561Z, dur=0.000s from incoming record flowStartMilliseconds=1631290556561, flowEndMilliseconds=1631290556561
rwipfix2silk: 'input0001': Set sTime=2021/09/10T16:15:56.570Z, dur=0.000s from incoming record flowStartMilliseconds=1631290556570, flowEndMilliseconds=1631290556570
rwipfix2silk: 'input0001': Set sTime=2021/09/10T16:15:56.667Z, dur=0.007s from incoming record flowStartMilliseconds=1631290556667, flowEndMilliseconds=1631290556674
rwipfix2silk: 'input0001': Set sTime=2021/09/10T16:15:56.666Z, dur=0.011s from incoming record flowStartMilliseconds=1631290556666, flowEndMilliseconds=1631290556677
rwipfix2silk: 'input0001': Set sTime=2021/09/10T16:15:56.662Z, dur=0.026s from incoming record flowStartMilliseconds=1631290556662, flowEndMilliseconds=1631290556688
rwipfix2silk: 'input0001': Set sTime=2021/09/10T16:15:41.715Z, dur=15.000s from incoming record flowStartMilliseconds=1631290541715, flowEndMilliseconds=1631290556715
rwipfix2silk: 'input0001': Set sTime=2021/09/10T16:15:41.778Z, dur=15.028s from incoming record flowStartMilliseconds=1631290541778, flowEndMilliseconds=1631290556806
rwipfix2silk: 'input0001': Set sTime=2021/09/10T16:15:57.004Z, dur=0.003s from incoming record flowStartMilliseconds=1631290557004, flowEndMilliseconds=1631290557007
rwipfix2silk: 'input0001': Set sTime=2021/09/10T16:14:52.624Z, dur=64.504s from incoming record flowStartMilliseconds=1631290492624, flowEndMilliseconds=1631290557128
rwipfix2silk: 'input0001': Set sTime=2021/09/10T16:15:57.371Z, dur=0.000s from incoming record flowStartMilliseconds=1631290557371, flowEndMilliseconds=1631290557371
rwipfix2silk: 'input0001': Set sTime=2021/09/10T16:15:49.581Z, dur=8.015s from incoming record flowStartMilliseconds=1631290549581, flowEndMilliseconds=1631290557596
rwipfix2silk: 'input0001': Set sTime=2021/09/10T16:15:57.621Z, dur=0.000s from incoming record flowStartMilliseconds=1631290557621, flowEndMilliseconds=1631290557621
rwipfix2silk: 'input0001': Set sTime=2021/09/10T16:15:57.622Z, dur=0.000s from incoming record flowStartMilliseconds=1631290557622, flowEndMilliseconds=1631290557622
rwipfix2silk: 'input0001': Set sTime=2021/09/10T16:15:57.998Z, dur=0.011s from incoming record flowStartMilliseconds=1631290557998, flowEndMilliseconds=1631290558009
rwipfix2silk: 'input0001': Set sTime=2021/09/10T16:15:58.172Z, dur=0.000s from incoming record flowStartMilliseconds=1631290558172, flowEndMilliseconds=1631290558172
rwipfix2silk: 'input0001': Set sTime=2021/09/10T16:15:50.262Z, dur=8.010s from incoming record flowStartMilliseconds=1631290550262, flowEndMilliseconds=1631290558272
rwipfix2silk: 'input0001': Set sTime=2021/09/10T16:15:58.335Z, dur=0.008s from incoming record flowStartMilliseconds=1631290558335, flowEndMilliseconds=1631290558343
rwipfix2silk: 'input0001': Set sTime=2021/09/10T16:15:58.380Z, dur=0.000s from incoming record flowStartMilliseconds=1631290558380, flowEndMilliseconds=1631290558380
rwipfix2silk: 'input0001': Set sTime=2021/09/10T16:15:58.383Z, dur=0.000s from incoming record flowStartMilliseconds=1631290558383, flowEndMilliseconds=1631290558383
rwipfix2silk: 'input0001': Set sTime=2021/09/10T16:14:52.749Z, dur=66.498s from incoming record flowStartMilliseconds=1631290492749, flowEndMilliseconds=1631290559247
rwipfix2silk: 'input0001': Set sTime=2021/09/10T16:15:59.409Z, dur=0.000s from incoming record flowStartMilliseconds=1631290559409, flowEndMilliseconds=1631290559409
rwipfix2silk: 'input0001': Set sTime=2021/09/10T16:15:59.405Z, dur=0.164s from incoming record flowStartMilliseconds=1631290559405, flowEndMilliseconds=1631290559569
rwipfix2silk: 'input0001': Set sTime=2021/09/10T16:15:59.573Z, dur=0.012s from incoming record flowStartMilliseconds=1631290559573, flowEndMilliseconds=1631290559585
rwipfix2silk: 'input0001': Set sTime=2021/09/10T16:15:59.401Z, dur=0.192s from incoming record flowStartMilliseconds=1631290559401, flowEndMilliseconds=1631290559593
rwipfix2silk: 'input0001': Set sTime=2021/09/10T16:14:57.744Z, dur=62.003s from incoming record flowStartMilliseconds=1631290497744, flowEndMilliseconds=1631290559747
rwipfix2silk: 'input0001': Set sTime=2021/09/10T16:16:00.210Z, dur=0.000s from incoming record flowStartMilliseconds=1631290560210, flowEndMilliseconds=1631290560210
rwipfix2silk: 'input0001': Set sTime=2021/09/10T16:15:45.872Z, dur=15.000s from incoming record flowStartMilliseconds=1631290545872, flowEndMilliseconds=1631290560872
rwipfix2silk: 'input0001': Set sTime=2021/09/10T16:14:54.502Z, dur=66.483s from incoming record flowStartMilliseconds=1631290494502, flowEndMilliseconds=1631290560985
rwipfix2silk: 'input0001': Set sTime=2021/09/10T16:16:01.008Z, dur=0.000s from incoming record flowStartMilliseconds=1631290561008, flowEndMilliseconds=1631290561008
rwipfix2silk: 'input0001': Set sTime=2021/09/10T16:15:00.744Z, dur=60.503s from incoming record flowStartMilliseconds=1631290500744, flowEndMilliseconds=1631290561247
rwipfix2silk: 'input0001': Set sTime=2021/09/10T16:16:01.423Z, dur=0.000s from incoming record flowStartMilliseconds=1631290561423, flowEndMilliseconds=1631290561423
rwipfix2silk: 'input0001': Set sTime=2021/09/10T16:16:01.423Z, dur=0.000s from incoming record flowStartMilliseconds=1631290561423, flowEndMilliseconds=1631290561423
rwipfix2silk: 'input0001': Set sTime=2021/09/10T16:16:01.808Z, dur=0.000s from incoming record flowStartMilliseconds=1631290561808, flowEndMilliseconds=1631290561808
rwipfix2silk: 'input0001': Set sTime=2021/09/10T16:16:01.801Z, dur=0.011s from incoming record flowStartMilliseconds=1631290561801, flowEndMilliseconds=1631290561812
rwipfix2silk: 'input0001': Set sTime=2021/09/10T16:16:01.893Z, dur=0.003s from incoming record flowStartMilliseconds=1631290561893, flowEndMilliseconds=1631290561896
rwipfix2silk: 'input0001': Set sTime=2021/09/10T16:16:02.606Z, dur=0.000s from incoming record flowStartMilliseconds=1631290562606, flowEndMilliseconds=1631290562606
rwipfix2silk: 'input0001': Set sTime=2021/09/10T16:16:02.768Z, dur=0.000s from incoming record flowStartMilliseconds=1631290562768, flowEndMilliseconds=1631290562768
rwipfix2silk: 'input0001': Set sTime=2021/09/10T16:16:02.768Z, dur=0.000s from incoming record flowStartMilliseconds=1631290562768, flowEndMilliseconds=1631290562768
rwipfix2silk: 'input0001': Set sTime=2021/09/10T16:16:02.778Z, dur=0.000s from incoming record flowStartMilliseconds=1631290562778, flowEndMilliseconds=1631290562778
rwipfix2silk: 'input0001': Set sTime=2021/09/10T16:16:02.778Z, dur=0.000s from incoming record flowStartMilliseconds=1631290562778, flowEndMilliseconds=1631290562778
rwipfix2silk: 'input0001': Set sTime=2021/09/10T16:15:32.326Z, dur=30.626s from incoming record flowStartMilliseconds=1631290532326, flowEndMilliseconds=1631290562952
rwipfix2silk: 'input0001': Set sTime=2021/09/10T16:15:32.328Z, dur=30.626s from incoming record flowStartMilliseconds=1631290532328, flowEndMilliseconds=1631290562954
rwipfix2silk: 'input0001': Set sTime=2021/09/10T16:16:03.389Z, dur=0.000s from incoming record flowStartMilliseconds=1631290563389, flowEndMilliseconds=1631290563389
rwipfix2silk: 'input0001': Set sTime=2021/09/10T16:16:03.393Z, dur=0.000s from incoming record flowStartMilliseconds=1631290563393, flowEndMilliseconds=1631290563393
rwipfix2silk: 'input0001': Set sTime=2021/09/10T16:16:03.408Z, dur=0.000s from incoming record flowStartMilliseconds=1631290563408, flowEndMilliseconds=1631290563408
rwipfix2silk: 'input0001': Set sTime=2021/09/10T16:15:55.682Z, dur=8.038s from incoming record flowStartMilliseconds=1631290555682, flowEndMilliseconds=1631290563720
rwipfix2silk: 'input0001': Set sTime=2021/09/10T16:15:55.940Z, dur=8.036s from incoming record flowStartMilliseconds=1631290555940, flowEndMilliseconds=1631290563976
rwipfix2silk: 'input0001': Set sTime=2021/09/10T16:16:04.206Z, dur=0.000s from incoming record flowStartMilliseconds=1631290564206, flowEndMilliseconds=1631290564206
rwipfix2silk: 'input0001': Set sTime=2021/09/10T16:16:05.008Z, dur=0.000s from incoming record flowStartMilliseconds=1631290565008, flowEndMilliseconds=1631290565008
rwipfix2silk: 'input0001': Set sTime=2021/09/10T16:15:50.591Z, dur=15.001s from incoming record flowStartMilliseconds=1631290550591, flowEndMilliseconds=1631290565592
rwipfix2silk: 'input0001': Set sTime=2021/09/10T16:16:05.804Z, dur=0.000s from incoming record flowStartMilliseconds=1631290565804, flowEndMilliseconds=1631290565804
rwipfix2silk: 'input0001': Set sTime=2021/09/10T16:16:05.921Z, dur=0.000s from incoming record flowStartMilliseconds=1631290565921, flowEndMilliseconds=1631290565921
rwipfix2silk: 'input0001': Set sTime=2021/09/10T16:16:05.963Z, dur=0.000s from incoming record flowStartMilliseconds=1631290565963, flowEndMilliseconds=1631290565963
rwipfix2silk: 'input0001': Set sTime=2021/09/10T16:16:05.963Z, dur=0.000s from incoming record flowStartMilliseconds=1631290565963, flowEndMilliseconds=1631290565963
rwipfix2silk: 'input0001': Set sTime=2021/09/10T16:16:06.571Z, dur=0.000s from incoming record flowStartMilliseconds=1631290566571, flowEndMilliseconds=1631290566571
rwipfix2silk: 'input0001': Set sTime=2021/09/10T16:16:06.571Z, dur=0.000s from incoming record flowStartMilliseconds=1631290566571, flowEndMilliseconds=1631290566571
rwipfix2silk: 'input0001': Set sTime=2021/09/10T16:16:06.607Z, dur=0.000s from incoming record flowStartMilliseconds=1631290566607, flowEndMilliseconds=1631290566607
rwipfix2silk: 'input0001': Set sTime=2021/09/10T16:15:51.740Z, dur=15.002s from incoming record flowStartMilliseconds=1631290551740, flowEndMilliseconds=1631290566742
rwipfix2silk: 'input0001': Set sTime=2021/09/10T16:16:06.875Z, dur=0.001s from incoming record flowStartMilliseconds=1631290566875, flowEndMilliseconds=1631290566876
rwipfix2silk: 'input0001': Set sTime=2021/09/10T16:15:07.117Z, dur=60.001s from incoming record flowStartMilliseconds=1631290507117, flowEndMilliseconds=1631290567118
rwipfix2silk: 'input0001': Set sTime=2021/09/10T16:15:57.127Z, dur=10.004s from incoming record flowStartMilliseconds=1631290557127, flowEndMilliseconds=1631290567131
rwipfix2silk: 'input0001': Set sTime=2021/09/10T16:16:07.367Z, dur=0.001s from incoming record flowStartMilliseconds=1631290567367, flowEndMilliseconds=1631290567368
rwipfix2silk: 'input0001': Set sTime=2021/09/10T16:16:07.409Z, dur=0.000s from incoming record flowStartMilliseconds=1631290567409, flowEndMilliseconds=1631290567409
rwipfix2silk: 'input0001': Set sTime=2021/09/10T16:16:04.578Z, dur=3.007s from incoming record flowStartMilliseconds=1631290564578, flowEndMilliseconds=1631290567585
rwipfix2silk: 'input0001': Set sTime=2021/09/10T16:16:07.633Z, dur=0.000s from incoming record flowStartMilliseconds=1631290567633, flowEndMilliseconds=1631290567633
rwipfix2silk: 'input0001': Set sTime=2021/09/10T16:16:07.634Z, dur=0.000s from incoming record flowStartMilliseconds=1631290567634, flowEndMilliseconds=1631290567634
rwipfix2silk: 'input0001': Set sTime=2021/09/10T16:15:58.853Z, dur=9.025s from incoming record flowStartMilliseconds=1631290558853, flowEndMilliseconds=1631290567878
rwipfix2silk: 'input0001': Set sTime=2021/09/10T16:16:08.210Z, dur=0.000s from incoming record flowStartMilliseconds=1631290568210, flowEndMilliseconds=1631290568210
rwipfix2silk: 'input0001': Set sTime=2021/09/10T16:16:08.399Z, dur=0.000s from incoming record flowStartMilliseconds=1631290568399, flowEndMilliseconds=1631290568399
rwipfix2silk: 'input0001': Set sTime=2021/09/10T16:16:08.402Z, dur=0.000s from incoming record flowStartMilliseconds=1631290568402, flowEndMilliseconds=1631290568402
rwipfix2silk: 'input0001': Set sTime=2021/09/10T16:16:00.384Z, dur=8.040s from incoming record flowStartMilliseconds=1631290560384, flowEndMilliseconds=1631290568424
rwipfix2silk: 'input0001': Set sTime=2021/09/10T16:16:08.877Z, dur=0.000s from incoming record flowStartMilliseconds=1631290568877, flowEndMilliseconds=1631290568877
rwipfix2silk: 'input0001': Set sTime=2021/09/10T16:16:09.005Z, dur=0.000s from incoming record flowStartMilliseconds=1631290569005, flowEndMilliseconds=1631290569005
rwipfix2silk: 'input0001': Set sTime=2021/09/10T16:16:00.011Z, dur=9.028s from incoming record flowStartMilliseconds=1631290560011, flowEndMilliseconds=1631290569039
rwipfix2silk: 'input0001': Set sTime=2021/09/10T16:15:54.457Z, dur=15.000s from incoming record flowStartMilliseconds=1631290554457, flowEndMilliseconds=1631290569457
rwipfix2silk: 'input0001': Set sTime=2021/09/10T16:16:09.950Z, dur=0.000s from incoming record flowStartMilliseconds=1631290569950, flowEndMilliseconds=1631290569950
rwipfix2silk: 'input0001': Set sTime=2021/09/10T16:16:10.536Z, dur=0.000s from incoming record flowStartMilliseconds=1631290570536, flowEndMilliseconds=1631290570536
rwipfix2silk: 'input0001': Set sTime=2021/09/10T16:15:09.995Z, dur=61.201s from incoming record flowStartMilliseconds=1631290509995, flowEndMilliseconds=1631290571196
rwipfix2silk: 'input0001': Set sTime=2021/09/10T16:16:11.369Z, dur=0.004s from incoming record flowStartMilliseconds=1631290571369, flowEndMilliseconds=1631290571373
rwipfix2silk: 'input0001': Set sTime=2021/09/10T16:15:56.587Z, dur=15.000s from incoming record flowStartMilliseconds=1631290556587, flowEndMilliseconds=1631290571587
rwipfix2silk: 'input0001': Set sTime=2021/09/10T16:15:11.547Z, dur=60.502s from incoming record flowStartMilliseconds=1631290511547, flowEndMilliseconds=1631290572049
rwipfix2silk: 'input0001': Set sTime=2021/09/10T16:16:12.138Z, dur=0.000s from incoming record flowStartMilliseconds=1631290572138, flowEndMilliseconds=1631290572138
rwipfix2silk: 'input0001': Set sTime=2021/09/10T16:16:12.736Z, dur=0.000s from incoming record flowStartMilliseconds=1631290572736, flowEndMilliseconds=1631290572736
rwipfix2silk: 'input0001': Set sTime=2021/09/10T16:16:12.737Z, dur=0.000s from incoming record flowStartMilliseconds=1631290572737, flowEndMilliseconds=1631290572737
rwipfix2silk: 'input0001': Set sTime=2021/09/10T16:16:12.796Z, dur=0.000s from incoming record flowStartMilliseconds=1631290572796, flowEndMilliseconds=1631290572796
rwipfix2silk: 'input0001': Set sTime=2021/09/10T16:16:12.796Z, dur=0.000s from incoming record flowStartMilliseconds=1631290572796, flowEndMilliseconds=1631290572796
rwipfix2silk: 'input0001': Set sTime=2021/09/10T16:15:58.010Z, dur=15.002s from incoming record flowStartMilliseconds=1631290558010, flowEndMilliseconds=1631290573012
rwipfix2silk: 'input0001': Set sTime=2021/09/10T16:16:13.207Z, dur=0.000s from incoming record flowStartMilliseconds=1631290573207, flowEndMilliseconds=1631290573207
rwipfix2silk: 'input0001': Set sTime=2021/09/10T16:16:13.304Z, dur=0.000s from incoming record flowStartMilliseconds=1631290573304, flowEndMilliseconds=1631290573304
rwipfix2silk: 'input0001': Set sTime=2021/09/10T16:16:13.366Z, dur=0.000s from incoming record flowStartMilliseconds=1631290573366, flowEndMilliseconds=1631290573366
rwipfix2silk: 'input0001': Set sTime=2021/09/10T16:16:13.370Z, dur=0.000s from incoming record flowStartMilliseconds=1631290573370, flowEndMilliseconds=1631290573370
rwipfix2silk: 'input0001': Set sTime=2021/09/10T16:16:13.408Z, dur=0.000s from incoming record flowStartMilliseconds=1631290573408, flowEndMilliseconds=1631290573408
rwipfix2silk: 'input0001': Set sTime=2021/09/10T16:16:13.410Z, dur=0.000s from incoming record flowStartMilliseconds=1631290573410, flowEndMilliseconds=1631290573410
rwipfix2silk: 'input0001': Set sTime=2021/09/10T16:15:42.336Z, dur=31.112s from incoming record flowStartMilliseconds=1631290542336, flowEndMilliseconds=1631290573448
rwipfix2silk: 'input0001': Set sTime=2021/09/10T16:15:42.331Z, dur=31.123s from incoming record flowStartMilliseconds=1631290542331, flowEndMilliseconds=1631290573454
rwipfix2silk: 'input0001': Set sTime=2021/09/10T16:15:08.045Z, dur=65.505s from incoming record flowStartMilliseconds=1631290508045, flowEndMilliseconds=1631290573550
rwipfix2silk: 'input0001': Set sTime=2021/09/10T16:15:12.547Z, dur=62.001s from incoming record flowStartMilliseconds=1631290512547, flowEndMilliseconds=1631290574548
rwipfix2silk: 'input0001': Set sTime=2021/09/10T16:16:11.624Z, dur=3.003s from incoming record flowStartMilliseconds=1631290571624, flowEndMilliseconds=1631290574627
rwipfix2silk: 'input0001': Set sTime=2021/09/10T16:14:54.405Z, dur=80.464s from incoming record flowStartMilliseconds=1631290494405, flowEndMilliseconds=1631290574869
rwipfix2silk: 'input0001': Set sTime=2021/09/10T16:16:15.353Z, dur=0.004s from incoming record flowStartMilliseconds=1631290575353, flowEndMilliseconds=1631290575357
rwipfix2silk: 'input0001': Set sTime=2021/09/10T16:16:15.353Z, dur=0.005s from incoming record flowStartMilliseconds=1631290575353, flowEndMilliseconds=1631290575358
rwipfix2silk: 'input0001': Set sTime=2021/09/10T16:16:15.357Z, dur=0.002s from incoming record flowStartMilliseconds=1631290575357, flowEndMilliseconds=1631290575359
rwipfix2silk: 'input0001': Set sTime=2021/09/10T16:16:15.355Z, dur=0.006s from incoming record flowStartMilliseconds=1631290575355, flowEndMilliseconds=1631290575361
rwipfix2silk: 'input0001': Set sTime=2021/09/10T16:16:15.355Z, dur=0.007s from incoming record flowStartMilliseconds=1631290575355, flowEndMilliseconds=1631290575362
rwipfix2silk: 'input0001': Set sTime=2021/09/10T16:16:15.357Z, dur=0.006s from incoming record flowStartMilliseconds=1631290575357, flowEndMilliseconds=1631290575363
rwipfix2silk: 'input0001': Set sTime=2021/09/10T16:16:15.359Z, dur=0.005s from incoming record flowStartMilliseconds=1631290575359, flowEndMilliseconds=1631290575364
rwipfix2silk: 'input0001': Set sTime=2021/09/10T16:16:15.978Z, dur=0.000s from incoming record flowStartMilliseconds=1631290575978, flowEndMilliseconds=1631290575978
rwipfix2silk: 'input0001': Set sTime=2021/09/10T16:16:15.978Z, dur=0.000s from incoming record flowStartMilliseconds=1631290575978, flowEndMilliseconds=1631290575978
rwipfix2silk: 'input0001': Set sTime=2021/09/10T16:16:14.991Z, dur=1.000s from incoming record flowStartMilliseconds=1631290574991, flowEndMilliseconds=1631290575991
rwipfix2silk: 'input0001': Set sTime=2021/09/10T16:16:07.987Z, dur=8.027s from incoming record flowStartMilliseconds=1631290567987, flowEndMilliseconds=1631290576014
rwipfix2silk: 'input0001': Set sTime=2021/09/10T16:16:15.242Z, dur=1.000s from incoming record flowStartMilliseconds=1631290575242, flowEndMilliseconds=1631290576242
rwipfix2silk: 'input0001': Set sTime=2021/09/10T16:16:16.582Z, dur=0.000s from incoming record flowStartMilliseconds=1631290576582, flowEndMilliseconds=1631290576582
rwipfix2silk: 'input0001': Set sTime=2021/09/10T16:16:16.582Z, dur=0.000s from incoming record flowStartMilliseconds=1631290576582, flowEndMilliseconds=1631290576582
rwipfix2silk: 'input0001': Set sTime=2021/09/10T16:16:01.833Z, dur=15.001s from incoming record flowStartMilliseconds=1631290561833, flowEndMilliseconds=1631290576834
rwipfix2silk: 'input0001': Set sTime=2021/09/10T16:16:17.139Z, dur=0.000s from incoming record flowStartMilliseconds=1631290577139, flowEndMilliseconds=1631290577139
rwipfix2silk: 'input0001': Set sTime=2021/09/10T16:16:07.132Z, dur=10.008s from incoming record flowStartMilliseconds=1631290567132, flowEndMilliseconds=1631290577140
rwipfix2silk: 'input0001': Set sTime=2021/09/10T16:16:02.485Z, dur=15.000s from incoming record flowStartMilliseconds=1631290562485, flowEndMilliseconds=1631290577485
rwipfix2silk: 'input0001': Set sTime=2021/09/10T16:16:18.416Z, dur=0.000s from incoming record flowStartMilliseconds=1631290578416, flowEndMilliseconds=1631290578416
rwipfix2silk: 'input0001': Set sTime=2021/09/10T16:16:18.420Z, dur=0.000s from incoming record flowStartMilliseconds=1631290578420, flowEndMilliseconds=1631290578420
rwipfix2silk: 'input0001': Set sTime=2021/09/10T16:14:58.446Z, dur=80.472s from incoming record flowStartMilliseconds=1631290498446, flowEndMilliseconds=1631290578918
rwipfix2silk: 'input0001': Set sTime=2021/09/10T16:15:47.480Z, dur=31.500s from incoming record flowStartMilliseconds=1631290547480, flowEndMilliseconds=1631290578980
rwipfix2silk: 'input0001': Set sTime=2021/09/10T16:16:19.020Z, dur=0.011s from incoming record flowStartMilliseconds=1631290579020, flowEndMilliseconds=1631290579031
rwipfix2silk: 'input0001': Set sTime=2021/09/10T16:16:19.650Z, dur=0.000s from incoming record flowStartMilliseconds=1631290579650, flowEndMilliseconds=1631290579650
rwipfix2silk: 'input0001': Set sTime=2021/09/10T16:16:19.650Z, dur=0.000s from incoming record flowStartMilliseconds=1631290579650, flowEndMilliseconds=1631290579650
rwipfix2silk: 'input0001': Set sTime=2021/09/10T16:16:05.582Z, dur=15.000s from incoming record flowStartMilliseconds=1631290565582, flowEndMilliseconds=1631290580582
rwipfix2silk: 'input0001': Set sTime=2021/09/10T16:15:09.742Z, dur=70.840s from incoming record flowStartMilliseconds=1631290509742, flowEndMilliseconds=1631290580582
rwipfix2silk: 'input0001': Set sTime=2021/09/10T16:16:13.307Z, dur=8.006s from incoming record flowStartMilliseconds=1631290573307, flowEndMilliseconds=1631290581313
rwipfix2silk: 'input0001': Set sTime=2021/09/10T16:16:06.877Z, dur=14.998s from incoming record flowStartMilliseconds=1631290566877, flowEndMilliseconds=1631290581875
rwipfix2silk: 'input0001': Set sTime=2021/09/10T16:15:11.929Z, dur=70.111s from incoming record flowStartMilliseconds=1631290511929, flowEndMilliseconds=1631290582040
rwipfix2silk: 'input0001': Set sTime=2021/09/10T16:15:11.929Z, dur=70.111s from incoming record flowStartMilliseconds=1631290511929, flowEndMilliseconds=1631290582040
rwipfix2silk: 'input0001': Set sTime=2021/09/10T16:16:22.522Z, dur=0.003s from incoming record flowStartMilliseconds=1631290582522, flowEndMilliseconds=1631290582525
rwipfix2silk: 'input0001': Set sTime=2021/09/10T16:16:14.549Z, dur=8.017s from incoming record flowStartMilliseconds=1631290574549, flowEndMilliseconds=1631290582566
rwipfix2silk: 'input0001': Set sTime=2021/09/10T16:16:22.596Z, dur=0.001s from incoming record flowStartMilliseconds=1631290582596, flowEndMilliseconds=1631290582597
rwipfix2silk: 'input0001': Set sTime=2021/09/10T16:16:22.757Z, dur=0.000s from incoming record flowStartMilliseconds=1631290582757, flowEndMilliseconds=1631290582757
rwipfix2silk: 'input0001': Set sTime=2021/09/10T16:16:22.757Z, dur=0.000s from incoming record flowStartMilliseconds=1631290582757, flowEndMilliseconds=1631290582757
rwipfix2silk: 'input0001': Set sTime=2021/09/10T16:16:22.808Z, dur=0.000s from incoming record flowStartMilliseconds=1631290582808, flowEndMilliseconds=1631290582808
rwipfix2silk: 'input0001': Set sTime=2021/09/10T16:16:22.808Z, dur=0.000s from incoming record flowStartMilliseconds=1631290582808, flowEndMilliseconds=1631290582808
rwipfix2silk: 'input0001': Set sTime=2021/09/10T16:16:22.889Z, dur=0.000s from incoming record flowStartMilliseconds=1631290582889, flowEndMilliseconds=1631290582889
rwipfix2silk: 'input0001': Set sTime=2021/09/10T16:16:22.886Z, dur=0.013s from incoming record flowStartMilliseconds=1631290582886, flowEndMilliseconds=1631290582899
rwipfix2silk: 'input0001': Set sTime=2021/09/10T16:16:22.881Z, dur=0.026s from incoming record flowStartMilliseconds=1631290582881, flowEndMilliseconds=1631290582907
rwipfix2silk: 'input0001': Set sTime=2021/09/10T16:16:19.979Z, dur=3.004s from incoming record flowStartMilliseconds=1631290579979, flowEndMilliseconds=1631290582983
rwipfix2silk: 'input0001': Set sTime=2021/09/10T16:16:23.426Z, dur=0.000s from incoming record flowStartMilliseconds=1631290583426, flowEndMilliseconds=1631290583426
rwipfix2silk: 'input0001': Set sTime=2021/09/10T16:16:23.432Z, dur=0.000s from incoming record flowStartMilliseconds=1631290583432, flowEndMilliseconds=1631290583432
rwipfix2silk: 'input0001': Set sTime=2021/09/10T16:16:23.692Z, dur=0.000s from incoming record flowStartMilliseconds=1631290583692, flowEndMilliseconds=1631290583692
rwipfix2silk: 'input0001': Set sTime=2021/09/10T16:16:23.930Z, dur=0.000s from incoming record flowStartMilliseconds=1631290583930, flowEndMilliseconds=1631290583930
rwipfix2silk: 'input0001': Set sTime=2021/09/10T16:16:24.486Z, dur=0.000s from incoming record flowStartMilliseconds=1631290584486, flowEndMilliseconds=1631290584486
rwipfix2silk: 'input0001': Set sTime=2021/09/10T16:16:25.117Z, dur=0.000s from incoming record flowStartMilliseconds=1631290585117, flowEndMilliseconds=1631290585117
rwipfix2silk: 'input0001': Set sTime=2021/09/10T16:16:25.286Z, dur=0.000s from incoming record flowStartMilliseconds=1631290585286, flowEndMilliseconds=1631290585286
rwipfix2silk: 'input0001': Set sTime=2021/09/10T16:16:25.314Z, dur=0.100s from incoming record flowStartMilliseconds=1631290585314, flowEndMilliseconds=1631290585414
rwipfix2silk: 'input0001': Set sTime=2021/09/10T16:16:25.315Z, dur=0.099s from incoming record flowStartMilliseconds=1631290585315, flowEndMilliseconds=1631290585414
rwipfix2silk: 'input0001': Set sTime=2021/09/10T16:16:17.460Z, dur=8.032s from incoming record flowStartMilliseconds=1631290577460, flowEndMilliseconds=1631290585492
rwipfix2silk: 'input0001': Set sTime=2021/09/10T16:16:25.990Z, dur=0.000s from incoming record flowStartMilliseconds=1631290585990, flowEndMilliseconds=1631290585990
rwipfix2silk: 'input0001': Set sTime=2021/09/10T16:16:25.990Z, dur=0.000s from incoming record flowStartMilliseconds=1631290585990, flowEndMilliseconds=1631290585990
rwipfix2silk: 'input0001': Set sTime=2021/09/10T16:14:56.985Z, dur=89.050s from incoming record flowStartMilliseconds=1631290496985, flowEndMilliseconds=1631290586035
rwipfix2silk: 'input0001': Set sTime=2021/09/10T16:16:26.087Z, dur=0.000s from incoming record flowStartMilliseconds=1631290586087, flowEndMilliseconds=1631290586087
rwipfix2silk: 'input0001': Set sTime=2021/09/10T16:16:26.435Z, dur=0.010s from incoming record flowStartMilliseconds=1631290586435, flowEndMilliseconds=1631290586445
rwipfix2silk: 'input0001': Set sTime=2021/09/10T16:16:26.436Z, dur=0.011s from incoming record flowStartMilliseconds=1631290586436, flowEndMilliseconds=1631290586447
rwipfix2silk: 'input0001': Set sTime=2021/09/10T16:16:26.431Z, dur=0.021s from incoming record flowStartMilliseconds=1631290586431, flowEndMilliseconds=1631290586452
rwipfix2silk: 'input0001': Set sTime=2021/09/10T16:16:26.591Z, dur=0.000s from incoming record flowStartMilliseconds=1631290586591, flowEndMilliseconds=1631290586591
rwipfix2silk: 'input0001': Set sTime=2021/09/10T16:16:26.592Z, dur=0.000s from incoming record flowStartMilliseconds=1631290586592, flowEndMilliseconds=1631290586592
rwipfix2silk: 'input0001': Set sTime=2021/09/10T16:16:26.885Z, dur=0.000s from incoming record flowStartMilliseconds=1631290586885, flowEndMilliseconds=1631290586885
rwipfix2silk: 'input0001': Set sTime=2021/09/10T16:16:18.914Z, dur=8.013s from incoming record flowStartMilliseconds=1631290578914, flowEndMilliseconds=1631290586927
rwipfix2silk: 'input0001': Set sTime=2021/09/10T16:15:27.439Z, dur=60.003s from incoming record flowStartMilliseconds=1631290527439, flowEndMilliseconds=1631290587442
rwipfix2silk: 'input0001': Set sTime=2021/09/10T16:15:30.565Z, dur=57.000s from incoming record flowStartMilliseconds=1631290530565, flowEndMilliseconds=1631290587565
rwipfix2silk: 'input0001': Set sTime=2021/09/10T16:16:27.688Z, dur=0.000s from incoming record flowStartMilliseconds=1631290587688, flowEndMilliseconds=1631290587688
rwipfix2silk: 'input0001': Set sTime=2021/09/10T16:15:37.222Z, dur=50.470s from incoming record flowStartMilliseconds=1631290537222, flowEndMilliseconds=1631290587692
rwipfix2silk: 'input0001': Set sTime=2021/09/10T16:15:37.380Z, dur=50.341s from incoming record flowStartMilliseconds=1631290537380, flowEndMilliseconds=1631290587721
rwipfix2silk: 'input0001': Set sTime=2021/09/10T16:15:28.741Z, dur=59.101s from incoming record flowStartMilliseconds=1631290528741, flowEndMilliseconds=1631290587842
rwipfix2silk: 'input0001': Set sTime=2021/09/10T16:16:18.860Z, dur=9.010s from incoming record flowStartMilliseconds=1631290578860, flowEndMilliseconds=1631290587870
rwipfix2silk: 'input0001': Set sTime=2021/09/10T16:16:27.870Z, dur=0.000s from incoming record flowStartMilliseconds=1631290587870, flowEndMilliseconds=1631290587870
rwipfix2silk: 'input0001': Set sTime=2021/09/10T16:16:12.878Z, dur=15.003s from incoming record flowStartMilliseconds=1631290572878, flowEndMilliseconds=1631290587881
rwipfix2silk: 'input0001': Set sTime=2021/09/10T16:16:27.933Z, dur=0.008s from incoming record flowStartMilliseconds=1631290587933, flowEndMilliseconds=1631290587941
rwipfix2silk: 'input0001': Set sTime=2021/09/10T16:16:27.932Z, dur=0.013s from incoming record flowStartMilliseconds=1631290587932, flowEndMilliseconds=1631290587945
rwipfix2silk: 'input0001': Set sTime=2021/09/10T16:16:27.928Z, dur=0.020s from incoming record flowStartMilliseconds=1631290587928, flowEndMilliseconds=1631290587948
rwipfix2silk: 'input0001': Set sTime=2021/09/10T16:15:32.511Z, dur=55.503s from incoming record flowStartMilliseconds=1631290532511, flowEndMilliseconds=1631290588014
rwipfix2silk: 'input0001': Set sTime=2021/09/10T16:16:28.299Z, dur=0.000s from incoming record flowStartMilliseconds=1631290588299, flowEndMilliseconds=1631290588299
rwipfix2silk: 'input0001': Set sTime=2021/09/10T16:16:28.301Z, dur=0.000s from incoming record flowStartMilliseconds=1631290588301, flowEndMilliseconds=1631290588301
rwipfix2silk: 'input0001': Set sTime=2021/09/10T16:16:28.336Z, dur=0.001s from incoming record flowStartMilliseconds=1631290588336, flowEndMilliseconds=1631290588337
rwipfix2silk: 'input0001': Set sTime=2021/09/10T16:16:28.489Z, dur=0.000s from incoming record flowStartMilliseconds=1631290588489, flowEndMilliseconds=1631290588489
rwipfix2silk: 'input0001': Set sTime=2021/09/10T16:15:31.515Z, dur=57.003s from incoming record flowStartMilliseconds=1631290531515, flowEndMilliseconds=1631290588518
rwipfix2silk: 'input0001': Set sTime=2021/09/10T16:16:20.011Z, dur=9.016s from incoming record flowStartMilliseconds=1631290580011, flowEndMilliseconds=1631290589027
rwipfix2silk: 'input0001': Set sTime=2021/09/10T16:15:33.511Z, dur=55.516s from incoming record flowStartMilliseconds=1631290533511, flowEndMilliseconds=1631290589027
rwipfix2silk: 'input0001': Set sTime=2021/09/10T16:15:32.565Z, dur=56.500s from incoming record flowStartMilliseconds=1631290532565, flowEndMilliseconds=1631290589065
rwipfix2silk: 'input0001': Set sTime=2021/09/10T16:15:30.100Z, dur=59.058s from incoming record flowStartMilliseconds=1631290530100, flowEndMilliseconds=1631290589158
rwipfix2silk: 'input0001': Set sTime=2021/09/10T16:15:31.235Z, dur=58.004s from incoming record flowStartMilliseconds=1631290531235, flowEndMilliseconds=1631290589239
rwipfix2silk: 'input0001': Set sTime=2021/09/10T16:16:29.286Z, dur=0.000s from incoming record flowStartMilliseconds=1631290589286, flowEndMilliseconds=1631290589286
rwipfix2silk: 'input0001': Set sTime=2021/09/10T16:16:29.656Z, dur=0.000s from incoming record flowStartMilliseconds=1631290589656, flowEndMilliseconds=1631290589656
rwipfix2silk: 'input0001': Set sTime=2021/09/10T16:16:29.656Z, dur=0.000s from incoming record flowStartMilliseconds=1631290589656, flowEndMilliseconds=1631290589656
rwipfix2silk: 'input0001': Set sTime=2021/09/10T16:15:36.219Z, dur=53.510s from incoming record flowStartMilliseconds=1631290536219, flowEndMilliseconds=1631290589729
rwipfix2silk: 'input0001': Set sTime=2021/09/10T16:16:30.087Z, dur=0.000s from incoming record flowStartMilliseconds=1631290590087, flowEndMilliseconds=1631290590087
rwipfix2silk: 'input0001': Set sTime=2021/09/10T16:16:22.152Z, dur=8.029s from incoming record flowStartMilliseconds=1631290582152, flowEndMilliseconds=1631290590181
rwipfix2silk: 'input0001': Set sTime=2021/09/10T16:16:15.458Z, dur=15.000s from incoming record flowStartMilliseconds=1631290575458, flowEndMilliseconds=1631290590458
rwipfix2silk: 'input0001': Set sTime=2021/09/10T16:16:30.732Z, dur=0.008s from incoming record flowStartMilliseconds=1631290590732, flowEndMilliseconds=1631290590740
rwipfix2silk: 'input0001': Set sTime=2021/09/10T16:16:30.728Z, dur=0.023s from incoming record flowStartMilliseconds=1631290590728, flowEndMilliseconds=1631290590751
rwipfix2silk: 'input0001': Set sTime=2021/09/10T16:16:30.888Z, dur=0.000s from incoming record flowStartMilliseconds=1631290590888, flowEndMilliseconds=1631290590888
rwipfix2silk: 'input0001': Set sTime=2021/09/10T16:15:09.989Z, dur=80.943s from incoming record flowStartMilliseconds=1631290509989, flowEndMilliseconds=1631290590932
rwipfix2silk: 'input0001': Set sTime=2021/09/10T16:15:09.989Z, dur=80.943s from incoming record flowStartMilliseconds=1631290509989, flowEndMilliseconds=1631290590932
rwipfix2silk: 'input0001': Set sTime=2021/09/10T16:16:14.442Z, dur=16.490s from incoming record flowStartMilliseconds=1631290574442, flowEndMilliseconds=1631290590932
rwipfix2silk: 'input0001': Set sTime=2021/09/10T16:15:30.148Z, dur=61.501s from incoming record flowStartMilliseconds=1631290530148, flowEndMilliseconds=1631290591649
rwipfix2silk: 'input0001': Set sTime=2021/09/10T16:16:31.688Z, dur=0.000s from incoming record flowStartMilliseconds=1631290591688, flowEndMilliseconds=1631290591688
rwipfix2silk: 'input0001': Set sTime=2021/09/10T16:15:07.338Z, dur=84.392s from incoming record flowStartMilliseconds=1631290507338, flowEndMilliseconds=1631290591730
rwipfix2silk: 'input0001': Set sTime=2021/09/10T16:15:07.338Z, dur=84.392s from incoming record flowStartMilliseconds=1631290507338, flowEndMilliseconds=1631290591730
rwipfix2silk: 'input0001': Set sTime=2021/09/10T16:15:37.251Z, dur=54.481s from incoming record flowStartMilliseconds=1631290537251, flowEndMilliseconds=1631290591732
rwipfix2silk: 'input0001': Set sTime=2021/09/10T16:15:27.778Z, dur=64.301s from incoming record flowStartMilliseconds=1631290527778, flowEndMilliseconds=1631290592079
rwipfix2silk: 'input0001': Set sTime=2021/09/10T16:15:27.648Z, dur=64.500s from incoming record flowStartMilliseconds=1631290527648, flowEndMilliseconds=1631290592148
rwipfix2silk: 'input0001': Set sTime=2021/09/10T16:15:49.895Z, dur=42.257s from incoming record flowStartMilliseconds=1631290549895, flowEndMilliseconds=1631290592152
rwipfix2silk: 'input0001': Set sTime=2021/09/10T16:16:22.146Z, dur=10.010s from incoming record flowStartMilliseconds=1631290582146, flowEndMilliseconds=1631290592156
rwipfix2silk: 'input0001': Set sTime=2021/09/10T16:16:32.488Z, dur=0.000s from incoming record flowStartMilliseconds=1631290592488, flowEndMilliseconds=1631290592488
rwipfix2silk: 'input0001': Set sTime=2021/09/10T16:15:28.340Z, dur=64.242s from incoming record flowStartMilliseconds=1631290528340, flowEndMilliseconds=1631290592582
rwipfix2silk: 'input0001': Set sTime=2021/09/10T16:15:31.220Z, dur=61.500s from incoming record flowStartMilliseconds=1631290531220, flowEndMilliseconds=1631290592720
rwipfix2silk: 'input0001': Set sTime=2021/09/10T16:16:32.821Z, dur=0.000s from incoming record flowStartMilliseconds=1631290592821, flowEndMilliseconds=1631290592821
rwipfix2silk: 'input0001': Set sTime=2021/09/10T16:16:32.821Z, dur=0.000s from incoming record flowStartMilliseconds=1631290592821, flowEndMilliseconds=1631290592821
rwipfix2silk: 'input0001': Set sTime=2021/09/10T16:16:32.822Z, dur=0.000s from incoming record flowStartMilliseconds=1631290592822, flowEndMilliseconds=1631290592822
rwipfix2silk: 'input0001': Set sTime=2021/09/10T16:16:32.823Z, dur=0.000s from incoming record flowStartMilliseconds=1631290592823, flowEndMilliseconds=1631290592823
rwipfix2silk: 'input0001': Set sTime=2021/09/10T16:15:29.413Z, dur=64.007s from incoming record flowStartMilliseconds=1631290529413, flowEndMilliseconds=1631290593420
rwipfix2silk: 'input0001': Set sTime=2021/09/10T16:16:28.438Z, dur=5.005s from incoming record flowStartMilliseconds=1631290588438, flowEndMilliseconds=1631290593443
rwipfix2silk: 'input0001': Set sTime=2021/09/10T16:16:33.554Z, dur=0.003s from incoming record flowStartMilliseconds=1631290593554, flowEndMilliseconds=1631290593557
rwipfix2silk: 'input0001': Set sTime=2021/09/10T16:16:33.621Z, dur=0.003s from incoming record flowStartMilliseconds=1631290593621, flowEndMilliseconds=1631290593624
rwipfix2silk: 'input0001': Set sTime=2021/09/10T16:15:34.648Z, dur=59.000s from incoming record flowStartMilliseconds=1631290534648, flowEndMilliseconds=1631290593648
rwipfix2silk: 'input0001': Set sTime=2021/09/10T16:16:33.949Z, dur=0.003s from incoming record flowStartMilliseconds=1631290593949, flowEndMilliseconds=1631290593952
rwipfix2silk: 'input0001': Set sTime=2021/09/10T16:15:29.511Z, dur=64.513s from incoming record flowStartMilliseconds=1631290529511, flowEndMilliseconds=1631290594024
rwipfix2silk: 'input0001': Set sTime=2021/09/10T16:16:19.033Z, dur=15.001s from incoming record flowStartMilliseconds=1631290579033, flowEndMilliseconds=1631290594034
rwipfix2silk: 'input0001': Set sTime=2021/09/10T16:15:32.923Z, dur=61.495s from incoming record flowStartMilliseconds=1631290532923, flowEndMilliseconds=1631290594418
rwipfix2silk: 'input0001': Set sTime=2021/09/10T16:16:34.432Z, dur=0.000s from incoming record flowStartMilliseconds=1631290594432, flowEndMilliseconds=1631290594432
rwipfix2silk: 'input0001': Set sTime=2021/09/10T16:16:34.433Z, dur=0.000s from incoming record flowStartMilliseconds=1631290594433, flowEndMilliseconds=1631290594433
rwipfix2silk: 'input0001': Set sTime=2021/09/10T16:16:26.574Z, dur=8.030s from incoming record flowStartMilliseconds=1631290586574, flowEndMilliseconds=1631290594604
rwipfix2silk: 'input0001': Set sTime=2021/09/10T16:16:35.186Z, dur=0.000s from incoming record flowStartMilliseconds=1631290595186, flowEndMilliseconds=1631290595186
rwipfix2silk: 'input0001': Set sTime=2021/09/10T16:16:35.186Z, dur=0.000s from incoming record flowStartMilliseconds=1631290595186, flowEndMilliseconds=1631290595186
rwipfix2silk: 'input0001': Set sTime=2021/09/10T16:16:35.402Z, dur=0.000s from incoming record flowStartMilliseconds=1631290595402, flowEndMilliseconds=1631290595402
rwipfix2silk: 'input0001': Set sTime=2021/09/10T16:16:20.602Z, dur=15.001s from incoming record flowStartMilliseconds=1631290580602, flowEndMilliseconds=1631290595603
rwipfix2silk: 'input0001': Set sTime=2021/09/10T16:16:35.715Z, dur=0.000s from incoming record flowStartMilliseconds=1631290595715, flowEndMilliseconds=1631290595715
rwipfix2silk: 'input0001': Set sTime=2021/09/10T16:16:20.854Z, dur=15.001s from incoming record flowStartMilliseconds=1631290580854, flowEndMilliseconds=1631290595855
rwipfix2silk: 'input0001': Set sTime=2021/09/10T16:16:27.898Z, dur=8.025s from incoming record flowStartMilliseconds=1631290587898, flowEndMilliseconds=1631290595923
rwipfix2silk: 'input0001': Set sTime=2021/09/10T16:16:04.480Z, dur=31.499s from incoming record flowStartMilliseconds=1631290564480, flowEndMilliseconds=1631290595979
rwipfix2silk: 'input0001': Set sTime=2021/09/10T16:16:04.481Z, dur=31.498s from incoming record flowStartMilliseconds=1631290564481, flowEndMilliseconds=1631290595979
rwipfix2silk: 'input0001': Set sTime=2021/09/10T16:16:36.006Z, dur=0.000s from incoming record flowStartMilliseconds=1631290596006, flowEndMilliseconds=1631290596006
rwipfix2silk: 'input0001': Set sTime=2021/09/10T16:16:36.006Z, dur=0.000s from incoming record flowStartMilliseconds=1631290596006, flowEndMilliseconds=1631290596006
rwipfix2silk: 'input0001': Set sTime=2021/09/10T16:15:35.716Z, dur=60.503s from incoming record flowStartMilliseconds=1631290535716, flowEndMilliseconds=1631290596219
rwipfix2silk: 'input0001': Set sTime=2021/09/10T16:16:36.230Z, dur=0.000s from incoming record flowStartMilliseconds=1631290596230, flowEndMilliseconds=1631290596230
rwipfix2silk: 'input0001': Set sTime=2021/09/10T16:15:00.125Z, dur=96.170s from incoming record flowStartMilliseconds=1631290500125, flowEndMilliseconds=1631290596295
rwipfix2silk: 'input0001': Set sTime=2021/09/10T16:15:29.096Z, dur=67.201s from incoming record flowStartMilliseconds=1631290529096, flowEndMilliseconds=1631290596297
rwipfix2silk: 'input0001': Set sTime=2021/09/10T16:16:36.600Z, dur=0.000s from incoming record flowStartMilliseconds=1631290596600, flowEndMilliseconds=1631290596600
rwipfix2silk: 'input0001': Set sTime=2021/09/10T16:16:36.601Z, dur=0.000s from incoming record flowStartMilliseconds=1631290596601, flowEndMilliseconds=1631290596601
rwipfix2silk: 'input0001': Set sTime=2021/09/10T16:15:12.111Z, dur=85.055s from incoming record flowStartMilliseconds=1631290512111, flowEndMilliseconds=1631290597166
rwipfix2silk: 'input0001': Set sTime=2021/09/10T16:16:22.478Z, dur=15.000s from incoming record flowStartMilliseconds=1631290582478, flowEndMilliseconds=1631290597478
rwipfix2silk: 'input0001': Set sTime=2021/09/10T16:16:38.309Z, dur=0.000s from incoming record flowStartMilliseconds=1631290598309, flowEndMilliseconds=1631290598309
rwipfix2silk: 'input0001': Set sTime=2021/09/10T16:16:38.309Z, dur=0.000s from incoming record flowStartMilliseconds=1631290598309, flowEndMilliseconds=1631290598309
rwipfix2silk: 'input0001': Set sTime=2021/09/10T16:16:33.447Z, dur=5.005s from incoming record flowStartMilliseconds=1631290593447, flowEndMilliseconds=1631290598452
rwipfix2silk: 'input0001': Set sTime=2021/09/10T16:16:30.469Z, dur=8.016s from incoming record flowStartMilliseconds=1631290590469, flowEndMilliseconds=1631290598485
rwipfix2silk: 'input0001': Set sTime=2021/09/10T16:16:38.732Z, dur=0.002s from incoming record flowStartMilliseconds=1631290598732, flowEndMilliseconds=1631290598734
rwipfix2silk: 'input0001': Set sTime=2021/09/10T16:16:23.904Z, dur=15.003s from incoming record flowStartMilliseconds=1631290583904, flowEndMilliseconds=1631290598907
rwipfix2silk: 'input0001': Set sTime=2021/09/10T16:16:31.044Z, dur=8.042s from incoming record flowStartMilliseconds=1631290591044, flowEndMilliseconds=1631290599086
rwipfix2silk: 'input0001': Set sTime=2021/09/10T16:16:39.109Z, dur=0.003s from incoming record flowStartMilliseconds=1631290599109, flowEndMilliseconds=1631290599112
rwipfix2silk: 'input0001': Set sTime=2021/09/10T16:16:39.678Z, dur=0.000s from incoming record flowStartMilliseconds=1631290599678, flowEndMilliseconds=1631290599678
rwipfix2silk: 'input0001': Set sTime=2021/09/10T16:16:39.673Z, dur=0.011s from incoming record flowStartMilliseconds=1631290599673, flowEndMilliseconds=1631290599684
rwipfix2silk: 'input0001': Set sTime=2021/09/10T16:16:39.668Z, dur=0.017s from incoming record flowStartMilliseconds=1631290599668, flowEndMilliseconds=1631290599685
rwipfix2silk: 'input0001': Set sTime=2021/09/10T16:15:11.335Z, dur=88.700s from incoming record flowStartMilliseconds=1631290511335, flowEndMilliseconds=1631290600035
rwipfix2silk: 'input0001': Set sTime=2021/09/10T16:16:39.937Z, dur=0.109s from incoming record flowStartMilliseconds=1631290599937, flowEndMilliseconds=1631290600046
rwipfix2silk: 'input0001': Set sTime=2021/09/10T16:16:39.937Z, dur=0.109s from incoming record flowStartMilliseconds=1631290599937, flowEndMilliseconds=1631290600046
rwipfix2silk: 'input0001': Set sTime=2021/09/10T16:16:40.138Z, dur=0.008s from incoming record flowStartMilliseconds=1631290600138, flowEndMilliseconds=1631290600146
rwipfix2silk: 'input0001': Set sTime=2021/09/10T16:16:40.480Z, dur=0.000s from incoming record flowStartMilliseconds=1631290600480, flowEndMilliseconds=1631290600480
rwipfix2silk: 'input0001': Set sTime=2021/09/10T16:16:41.280Z, dur=0.000s from incoming record flowStartMilliseconds=1631290601280, flowEndMilliseconds=1631290601280
rwipfix2silk: 'input0001': Set sTime=2021/09/10T16:16:25.619Z, dur=16.149s from incoming record flowStartMilliseconds=1631290585619, flowEndMilliseconds=1631290601768
rwipfix2silk: 'input0001': Set sTime=2021/09/10T16:16:26.904Z, dur=15.001s from incoming record flowStartMilliseconds=1631290586904, flowEndMilliseconds=1631290601905
rwipfix2silk: 'input0001': Set sTime=2021/09/10T16:16:42.040Z, dur=0.000s from incoming record flowStartMilliseconds=1631290602040, flowEndMilliseconds=1631290602040
rwipfix2silk: 'input0001': Set sTime=2021/09/10T16:16:42.080Z, dur=0.000s from incoming record flowStartMilliseconds=1631290602080, flowEndMilliseconds=1631290602080
rwipfix2silk: 'input0001': Set sTime=2021/09/10T16:16:34.186Z, dur=8.036s from incoming record flowStartMilliseconds=1631290594186, flowEndMilliseconds=1631290602222
rwipfix2silk: 'input0001': Set sTime=2021/09/10T16:16:42.258Z, dur=0.000s from incoming record flowStartMilliseconds=1631290602258, flowEndMilliseconds=1631290602258
rwipfix2silk: 'input0001': Set sTime=2021/09/10T16:16:42.571Z, dur=0.000s from incoming record flowStartMilliseconds=1631290602571, flowEndMilliseconds=1631290602571
rwipfix2silk: 'input0001': Set sTime=2021/09/10T16:16:42.783Z, dur=0.000s from incoming record flowStartMilliseconds=1631290602783, flowEndMilliseconds=1631290602783
rwipfix2silk: 'input0001': Set sTime=2021/09/10T16:16:42.784Z, dur=0.000s from incoming record flowStartMilliseconds=1631290602784, flowEndMilliseconds=1631290602784
rwipfix2silk: 'input0001': Set sTime=2021/09/10T16:16:42.836Z, dur=0.000s from incoming record flowStartMilliseconds=1631290602836, flowEndMilliseconds=1631290602836
rwipfix2silk: 'input0001': Set sTime=2021/09/10T16:16:42.836Z, dur=0.000s from incoming record flowStartMilliseconds=1631290602836, flowEndMilliseconds=1631290602836
rwipfix2silk: 'input0001': Set sTime=2021/09/10T16:16:42.879Z, dur=0.000s from incoming record flowStartMilliseconds=1631290602879, flowEndMilliseconds=1631290602879
rwipfix2silk: 'input0001': Set sTime=2021/09/10T16:16:27.885Z, dur=15.000s from incoming record flowStartMilliseconds=1631290587885, flowEndMilliseconds=1631290602885
rwipfix2silk: 'input0001': Set sTime=2021/09/10T16:16:33.873Z, dur=9.020s from incoming record flowStartMilliseconds=1631290593873, flowEndMilliseconds=1631290602893
rwipfix2silk: 'input0001': Set sTime=2021/09/10T16:16:43.086Z, dur=0.000s from incoming record flowStartMilliseconds=1631290603086, flowEndMilliseconds=1631290603086
rwipfix2silk: 'input0001': Set sTime=2021/09/10T16:16:43.458Z, dur=0.000s from incoming record flowStartMilliseconds=1631290603458, flowEndMilliseconds=1631290603458
rwipfix2silk: 'input0001': Set sTime=2021/09/10T16:16:43.473Z, dur=0.000s from incoming record flowStartMilliseconds=1631290603473, flowEndMilliseconds=1631290603473
rwipfix2silk: 'input0001': Set sTime=2021/09/10T16:16:43.680Z, dur=0.000s from incoming record flowStartMilliseconds=1631290603680, flowEndMilliseconds=1631290603680
rwipfix2silk: 'input0001': Set sTime=2021/09/10T16:14:53.891Z, dur=110.014s from incoming record flowStartMilliseconds=1631290493891, flowEndMilliseconds=1631290603905
rwipfix2silk: 'input0001': Set sTime=2021/09/10T16:16:35.026Z, dur=9.006s from incoming record flowStartMilliseconds=1631290595026, flowEndMilliseconds=1631290604032
rwipfix2silk: 'input0001': Set sTime=2021/09/10T16:14:55.959Z, dur=108.135s from incoming record flowStartMilliseconds=1631290495959, flowEndMilliseconds=1631290604094
rwipfix2silk: 'input0001': Set sTime=2021/09/10T16:16:44.443Z, dur=0.000s from incoming record flowStartMilliseconds=1631290604443, flowEndMilliseconds=1631290604443
rwipfix2silk: 'input0001': Set sTime=2021/09/10T16:16:44.444Z, dur=0.000s from incoming record flowStartMilliseconds=1631290604444, flowEndMilliseconds=1631290604444
rwipfix2silk: 'input0001': Set sTime=2021/09/10T16:16:44.480Z, dur=0.000s from incoming record flowStartMilliseconds=1631290604480, flowEndMilliseconds=1631290604480
rwipfix2silk: 'input0001': Set sTime=2021/09/10T16:16:44.610Z, dur=0.014s from incoming record flowStartMilliseconds=1631290604610, flowEndMilliseconds=1631290604624
rwipfix2silk: 'input0001': Set sTime=2021/09/10T16:16:29.907Z, dur=15.001s from incoming record flowStartMilliseconds=1631290589907, flowEndMilliseconds=1631290604908
rwipfix2silk: 'input0001': Set sTime=2021/09/10T16:16:23.947Z, dur=20.999s from incoming record flowStartMilliseconds=1631290583947, flowEndMilliseconds=1631290604946
rwipfix2silk: 'input0001': Set sTime=2021/09/10T16:16:13.450Z, dur=31.498s from incoming record flowStartMilliseconds=1631290573450, flowEndMilliseconds=1631290604948
rwipfix2silk: 'input0001': Set sTime=2021/09/10T16:16:13.451Z, dur=31.499s from incoming record flowStartMilliseconds=1631290573451, flowEndMilliseconds=1631290604950
rwipfix2silk: 'input0001': Set sTime=2021/09/10T16:16:23.952Z, dur=21.000s from incoming record flowStartMilliseconds=1631290583952, flowEndMilliseconds=1631290604952
rwipfix2silk: 'input0001': Set sTime=2021/09/10T16:16:45.280Z, dur=0.000s from incoming record flowStartMilliseconds=1631290605280, flowEndMilliseconds=1631290605280
rwipfix2silk: 'input0001': Set sTime=2021/09/10T16:16:45.291Z, dur=0.000s from incoming record flowStartMilliseconds=1631290605291, flowEndMilliseconds=1631290605291
rwipfix2silk: 'input0001': Set sTime=2021/09/10T16:16:45.353Z, dur=0.006s from incoming record flowStartMilliseconds=1631290605353, flowEndMilliseconds=1631290605359
rwipfix2silk: 'input0001': Set sTime=2021/09/10T16:16:45.354Z, dur=0.006s from incoming record flowStartMilliseconds=1631290605354, flowEndMilliseconds=1631290605360
rwipfix2silk: 'input0001': Set sTime=2021/09/10T16:16:45.355Z, dur=0.006s from incoming record flowStartMilliseconds=1631290605355, flowEndMilliseconds=1631290605361
rwipfix2silk: 'input0001': Set sTime=2021/09/10T16:16:45.357Z, dur=0.004s from incoming record flowStartMilliseconds=1631290605357, flowEndMilliseconds=1631290605361
rwipfix2silk: 'input0001': Set sTime=2021/09/10T16:16:45.355Z, dur=0.007s from incoming record flowStartMilliseconds=1631290605355, flowEndMilliseconds=1631290605362
rwipfix2silk: 'input0001': Set sTime=2021/09/10T16:16:45.357Z, dur=0.008s from incoming record flowStartMilliseconds=1631290605357, flowEndMilliseconds=1631290605365
rwipfix2silk: 'input0001': Set sTime=2021/09/10T16:16:45.358Z, dur=0.008s from incoming record flowStartMilliseconds=1631290605358, flowEndMilliseconds=1631290605366
rwipfix2silk: 'input0001': Set sTime=2021/09/10T16:16:45.423Z, dur=0.004s from incoming record flowStartMilliseconds=1631290605423, flowEndMilliseconds=1631290605427
rwipfix2silk: 'input0001': Set sTime=2021/09/10T16:16:38.773Z, dur=7.034s from incoming record flowStartMilliseconds=1631290598773, flowEndMilliseconds=1631290605807
rwipfix2silk: 'input0001': Set sTime=2021/09/10T16:16:46.018Z, dur=0.000s from incoming record flowStartMilliseconds=1631290606018, flowEndMilliseconds=1631290606018
rwipfix2silk: 'input0001': Set sTime=2021/09/10T16:16:46.018Z, dur=0.000s from incoming record flowStartMilliseconds=1631290606018, flowEndMilliseconds=1631290606018
rwipfix2silk: 'input0001': Set sTime=2021/09/10T16:16:46.077Z, dur=0.000s from incoming record flowStartMilliseconds=1631290606077, flowEndMilliseconds=1631290606077
rwipfix2silk: 'input0001': Set sTime=2021/09/10T16:16:46.610Z, dur=0.000s from incoming record flowStartMilliseconds=1631290606610, flowEndMilliseconds=1631290606610
rwipfix2silk: 'input0001': Set sTime=2021/09/10T16:16:46.610Z, dur=0.000s from incoming record flowStartMilliseconds=1631290606610, flowEndMilliseconds=1631290606610
rwipfix2silk: 'input0001': Set sTime=2021/09/10T16:16:46.881Z, dur=0.000s from incoming record flowStartMilliseconds=1631290606881, flowEndMilliseconds=1631290606881
rwipfix2silk: 'input0001': Set sTime=2021/09/10T16:14:53.958Z, dur=113.000s from incoming record flowStartMilliseconds=1631290493958, flowEndMilliseconds=1631290606958
rwipfix2silk: 'input0001': Set sTime=2021/09/10T16:16:40.147Z, dur=7.000s from incoming record flowStartMilliseconds=1631290600147, flowEndMilliseconds=1631290607147
rwipfix2silk: 'input0001': Set sTime=2021/09/10T16:15:10.503Z, dur=96.843s from incoming record flowStartMilliseconds=1631290510503, flowEndMilliseconds=1631290607346
rwipfix2silk: 'input0001': Set sTime=2021/09/10T16:15:10.503Z, dur=96.843s from incoming record flowStartMilliseconds=1631290510503, flowEndMilliseconds=1631290607346
rwipfix2silk: 'input0001': Set sTime=2021/09/10T16:16:47.682Z, dur=0.000s from incoming record flowStartMilliseconds=1631290607682, flowEndMilliseconds=1631290607682
rwipfix2silk: 'input0001': Set sTime=2021/09/10T16:16:48.480Z, dur=0.000s from incoming record flowStartMilliseconds=1631290608480, flowEndMilliseconds=1631290608480
rwipfix2silk: 'input0001': Set sTime=2021/09/10T16:14:58.284Z, dur=110.202s from incoming record flowStartMilliseconds=1631290498284, flowEndMilliseconds=1631290608486
rwipfix2silk: 'input0001': Set sTime=2021/09/10T16:16:48.486Z, dur=0.000s from incoming record flowStartMilliseconds=1631290608486, flowEndMilliseconds=1631290608486
rwipfix2silk: 'input0001': Set sTime=2021/09/10T16:16:48.497Z, dur=0.000s from incoming record flowStartMilliseconds=1631290608497, flowEndMilliseconds=1631290608497
rwipfix2silk: 'input0001': Set sTime=2021/09/10T16:16:48.887Z, dur=0.000s from incoming record flowStartMilliseconds=1631290608887, flowEndMilliseconds=1631290608887
rwipfix2silk: 'input0001': Set sTime=2021/09/10T16:16:33.886Z, dur=15.002s from incoming record flowStartMilliseconds=1631290593886, flowEndMilliseconds=1631290608888
rwipfix2silk: 'input0001': Set sTime=2021/09/10T16:16:49.296Z, dur=0.000s from incoming record flowStartMilliseconds=1631290609296, flowEndMilliseconds=1631290609296
rwipfix2silk: 'input0001': Set sTime=2021/09/10T16:16:49.316Z, dur=0.000s from incoming record flowStartMilliseconds=1631290609316, flowEndMilliseconds=1631290609316
rwipfix2silk: 'input0001': Set sTime=2021/09/10T16:16:49.317Z, dur=0.000s from incoming record flowStartMilliseconds=1631290609317, flowEndMilliseconds=1631290609317
rwipfix2silk: 'input0001': Set sTime=2021/09/10T16:14:52.384Z, dur=117.053s from incoming record flowStartMilliseconds=1631290492384, flowEndMilliseconds=1631290609437
rwipfix2silk: 'input0001': Set sTime=2021/09/10T16:16:42.486Z, dur=7.000s from incoming record flowStartMilliseconds=1631290602486, flowEndMilliseconds=1631290609486
rwipfix2silk: 'input0001': Set sTime=2021/09/10T16:14:53.059Z, dur=117.081s from incoming record flowStartMilliseconds=1631290493059, flowEndMilliseconds=1631290610140
rwipfix2silk: 'input0001': Set sTime=2021/09/10T16:16:29.480Z, dur=21.000s from incoming record flowStartMilliseconds=1631290589480, flowEndMilliseconds=1631290610480
rwipfix2silk: 'input0001': Set sTime=2021/09/10T16:14:52.629Z, dur=117.853s from incoming record flowStartMilliseconds=1631290492629, flowEndMilliseconds=1631290610482
rwipfix2silk: 'input0001': Set sTime=2021/09/10T16:14:55.523Z, dur=115.002s from incoming record flowStartMilliseconds=1631290495523, flowEndMilliseconds=1631290610525
rwipfix2silk: 'input0001': Set sTime=2021/09/10T16:16:42.519Z, dur=8.027s from incoming record flowStartMilliseconds=1631290602519, flowEndMilliseconds=1631290610546
rwipfix2silk: 'input0001': Set sTime=2021/09/10T16:16:48.754Z, dur=2.018s from incoming record flowStartMilliseconds=1631290608754, flowEndMilliseconds=1631290610772
rwipfix2silk: 'input0001': Set sTime=2021/09/10T16:16:48.055Z, dur=3.002s from incoming record flowStartMilliseconds=1631290608055, flowEndMilliseconds=1631290611057
rwipfix2silk: 'input0001': Set sTime=2021/09/10T16:16:43.088Z, dur=8.033s from incoming record flowStartMilliseconds=1631290603088, flowEndMilliseconds=1631290611121
rwipfix2silk: 'input0001': Set sTime=2021/09/10T16:16:44.265Z, dur=7.024s from incoming record flowStartMilliseconds=1631290604265, flowEndMilliseconds=1631290611289
rwipfix2silk: 'input0001': Set sTime=2021/09/10T16:16:36.458Z, dur=14.999s from incoming record flowStartMilliseconds=1631290596458, flowEndMilliseconds=1631290611457
rwipfix2silk: 'input0001': Set sTime=2021/09/10T16:14:54.259Z, dur=117.289s from incoming record flowStartMilliseconds=1631290494259, flowEndMilliseconds=1631290611548
rwipfix2silk: 'input0001': Set sTime=2021/09/10T16:14:52.985Z, dur=118.564s from incoming record flowStartMilliseconds=1631290492985, flowEndMilliseconds=1631290611549
rwipfix2silk: 'input0001': Set sTime=2021/09/10T16:14:54.260Z, dur=117.291s from incoming record flowStartMilliseconds=1631290494260, flowEndMilliseconds=1631290611551
rwipfix2silk: 'input0001': Set sTime=2021/09/10T16:14:54.260Z, dur=117.291s from incoming record flowStartMilliseconds=1631290494260, flowEndMilliseconds=1631290611551
rwipfix2silk: 'input0001': Set sTime=2021/09/10T16:16:44.626Z, dur=7.006s from incoming record flowStartMilliseconds=1631290604626, flowEndMilliseconds=1631290611632
rwipfix2silk: 'input0001': Set sTime=2021/09/10T16:14:53.158Z, dur=118.475s from incoming record flowStartMilliseconds=1631290493158, flowEndMilliseconds=1631290611633
rwipfix2silk: 'input0001': Set sTime=2021/09/10T16:14:58.129Z, dur=113.536s from incoming record flowStartMilliseconds=1631290498129, flowEndMilliseconds=1631290611665
rwipfix2silk: 'input0001': Set sTime=2021/09/10T16:16:48.656Z, dur=3.017s from incoming record flowStartMilliseconds=1631290608656, flowEndMilliseconds=1631290611673
rwipfix2silk: 'input0001': Set sTime=2021/09/10T16:16:48.888Z, dur=3.000s from incoming record flowStartMilliseconds=1631290608888, flowEndMilliseconds=1631290611888
rwipfix2silk: 'input0001': Set sTime=2021/09/10T16:15:10.856Z, dur=101.033s from incoming record flowStartMilliseconds=1631290510856, flowEndMilliseconds=1631290611889
rwipfix2silk: 'input0001': Set sTime=2021/09/10T16:16:44.908Z, dur=7.000s from incoming record flowStartMilliseconds=1631290604908, flowEndMilliseconds=1631290611908
rwipfix2silk: 'input0001': Set sTime=2021/09/10T16:14:52.968Z, dur=119.055s from incoming record flowStartMilliseconds=1631290492968, flowEndMilliseconds=1631290612023
rwipfix2silk: 'input0001': Set sTime=2021/09/10T16:15:52.112Z, dur=60.001s from incoming record flowStartMilliseconds=1631290552112, flowEndMilliseconds=1631290612113
rwipfix2silk: 'input0001': Set sTime=2021/09/10T16:16:42.167Z, dur=10.011s from incoming record flowStartMilliseconds=1631290602167, flowEndMilliseconds=1631290612178
rwipfix2silk: 'input0001': Set sTime=2021/09/10T16:14:52.832Z, dur=119.442s from incoming record flowStartMilliseconds=1631290492832, flowEndMilliseconds=1631290612274
rwipfix2silk: 'input0001': Set sTime=2021/09/10T16:14:52.798Z, dur=119.476s from incoming record flowStartMilliseconds=1631290492798, flowEndMilliseconds=1631290612274
rwipfix2silk: 'input0001': Set sTime=2021/09/10T16:14:52.798Z, dur=119.476s from incoming record flowStartMilliseconds=1631290492798, flowEndMilliseconds=1631290612274
rwipfix2silk: 'input0001': Set sTime=2021/09/10T16:14:52.343Z, dur=119.986s from incoming record flowStartMilliseconds=1631290492343, flowEndMilliseconds=1631290612329
rwipfix2silk: 'input0001': Set sTime=2021/09/10T16:14:52.337Z, dur=120.011s from incoming record flowStartMilliseconds=1631290492337, flowEndMilliseconds=1631290612348
rwipfix2silk: 'input0001': Set sTime=2021/09/10T16:14:52.446Z, dur=120.129s from incoming record flowStartMilliseconds=1631290492446, flowEndMilliseconds=1631290612575
rwipfix2silk: 'input0001': Set sTime=2021/09/10T16:14:52.447Z, dur=120.130s from incoming record flowStartMilliseconds=1631290492447, flowEndMilliseconds=1631290612577
rwipfix2silk: 'input0001': Set sTime=2021/09/10T16:14:52.531Z, dur=120.064s from incoming record flowStartMilliseconds=1631290492531, flowEndMilliseconds=1631290612595
rwipfix2silk: 'input0001': Set sTime=2021/09/10T16:14:52.337Z, dur=120.395s from incoming record flowStartMilliseconds=1631290492337, flowEndMilliseconds=1631290612732
rwipfix2silk: 'input0001': Set sTime=2021/09/10T16:14:52.437Z, dur=120.299s from incoming record flowStartMilliseconds=1631290492437, flowEndMilliseconds=1631290612736
rwipfix2silk: 'input0001': Set sTime=2021/09/10T16:14:52.734Z, dur=120.002s from incoming record flowStartMilliseconds=1631290492734, flowEndMilliseconds=1631290612736
rwipfix2silk: 'input0001': Set sTime=2021/09/10T16:14:52.734Z, dur=120.003s from incoming record flowStartMilliseconds=1631290492734, flowEndMilliseconds=1631290612737
rwipfix2silk: 'input0001': Set sTime=2021/09/10T16:14:52.735Z, dur=120.004s from incoming record flowStartMilliseconds=1631290492735, flowEndMilliseconds=1631290612739
rwipfix2silk: 'input0001': Set sTime=2021/09/10T16:14:52.343Z, dur=120.400s from incoming record flowStartMilliseconds=1631290492343, flowEndMilliseconds=1631290612743
rwipfix2silk: 'input0001': Set sTime=2021/09/10T16:14:52.734Z, dur=120.010s from incoming record flowStartMilliseconds=1631290492734, flowEndMilliseconds=1631290612744
rwipfix2silk: 'input0001': Set sTime=2021/09/10T16:14:52.320Z, dur=120.424s from incoming record flowStartMilliseconds=1631290492320, flowEndMilliseconds=1631290612744
rwipfix2silk: 'input0001': Set sTime=2021/09/10T16:14:52.314Z, dur=120.431s from incoming record flowStartMilliseconds=1631290492314, flowEndMilliseconds=1631290612745
rwipfix2silk: 'input0001': Set sTime=2021/09/10T16:14:52.735Z, dur=120.012s from incoming record flowStartMilliseconds=1631290492735, flowEndMilliseconds=1631290612747
rwipfix2silk: 'input0001': Got a yaf stats record
rwipfix2silk: 'input0001': Received Tombstone record: observationDomain:0, exporterId:0:19, tombstoneId: 0; process: yaf, time: 2025/10/21T14:20:21Z
rwipfix2silk: 'input0001': forward 774, reverse 151, ignored 0; yaf: recs 774, pkts 208818, dropped-pkts 0, ignored-pkts 8269, bad-sequence-pkts 1, expired-frags 0
